code|lat|lon|name|spider
46|42.501528107|-92.3162044449|Waterloo, Water Tower|iowa
4|41.8234469009|-90.2115603427|Clinton, Chancy Park|iowa
3|41.8749559473|-90.1774342706|Clinton, Rainbow Park|iowa
20|41.6581838968|-91.5034837383|Iowa City, Hoover School|iowa
27|40.9690448535|-95.0449845864|Viking Lake State Park|iowa
55|41.4014683118|-91.0684607139|Muscatine, High School East Campus|iowa
15|43.1239241863|-94.693509682|Emmetsburg, ILCC|iowa
6|41.5301353528|-90.5878207481|Davenport, 10th & Vine|iowa
50|41.5121683906|-90.624016|Davenport, Hayes School|iowa
8|40.6932073013|-92.0059125527|Lake Sugema|iowa
53|42.3275630228|-96.3680570932|Sioux City, Neal North|iowa
13|41.4069259415|-91.0616243872|Muscatine, Musser Park|iowa
12|41.4194305608|-91.0710086904|Muscatine, Greenwood Cemetery|iowa
2|41.4638033596|-90.6824487231|Buffalo, Linwood Mining|iowa
8|58.3882105525|-134.56765397|Floyd Dryden|alaska
20|64.7633479706|-147.309555561|FNSB NP Fire|alaska
1|61.2059164011|-149.824698151|Garden|alaska
5|61.3266793963|-149.569697798|Parkgate|alaska
10|61.5330554184|-149.034593136|Butte|alaska
13|61.5993121998|-149.10360433|Palmer|alaska
26|61.1811077949|-149.834040151|Laurel|alaska
17|64.8456852711|-147.727395755|FNSB NCORE|alaska
AQ Central Phoenix CP|33.4579803079|-112.046593736|AQ Central Phoenix CP|phoenix
AQ West 43rd Ave WF|33.4063266306|-112.144413842|AQ West 43rd Ave WF|phoenix
AQ Cave Creek CC|33.821678819|-112.017188565|AQ Cave Creek CC|phoenix
AQ Buckeye BE|33.3698986334|-112.620704762|AQ Buckeye BE|phoenix
AQ South Phoenix SP|33.4031434589|-112.075225154|AQ South Phoenix SP|phoenix
AQ North Phoenix NP|33.5603204312|-112.066192993|AQ North Phoenix NP|phoenix
AQ Durango Complex DC|33.4265585507|-112.118149359|AQ Durango Complex DC|phoenix
AQ South Scottsdale SS|33.4796559409|-111.917104705|AQ South Scottsdale SS|phoenix
AQ Dysart DY|33.6371879441|-112.341858271|AQ Dysart DY|phoenix
AQ Higley HI|33.3107058803|-111.722491226|AQ Higley HI|phoenix
AQ Tempe TE|33.4112380633|-111.934726587|AQ Tempe TE|phoenix
AQ West Chandler WC|33.298972005|-111.884273453|AQ West Chandler WC|phoenix
AQ Zuni Hills ZH|33.6871762113|-112.294161947|AQ Zuni Hills ZH|phoenix
AQ West Phoenix WP|33.4837843052|-112.142573119|AQ West Phoenix WP|phoenix
AQ Deer Valley DV|33.6845040656|-112.086346543|AQ Deer Valley DV|phoenix
AQ Glendale GL|33.56916667|-112.1913889|AQ Glendale GL|phoenix
AQ Mesa ME|33.4101874469|-111.86535682|AQ Mesa ME|phoenix
AQ Blue Point BP|33.5455337311|-111.609310013|AQ Blue Point BP|phoenix
AQ Humbolt Mountain HM|33.9807454207|-111.797708814|AQ Humbolt Mountain HM|phoenix
AQ Falcon Field FF|33.452328371|-111.733216461|AQ Falcon Field FF|phoenix
AQ Pinnacle Peak PP|33.7122562808|-111.852628689|AQ Pinnacle Peak PP|phoenix
AQ Fountain Hills FH|33.6109271076|-111.725355306|AQ Fountain Hills FH|phoenix
AQ Rio Verde RV|33.7184164912|-111.671713496|AQ Rio Verde RV|phoenix
AQ Diablo|33.39623257|-111.967989845|AQ Diablo|phoenix
AQ Thirty-Third|33.4617304889|-112.127926911|AQ Thirty-Third|phoenix
9|32.42526|-111.063519|Tangerine|tucson
12|32.3807979537|-111.127179626|Coachline|tucson
2|32.2951239367|-110.982301028|Childrens Park NCore|tucson
10|32.2518502522|-110.965306056|Geronimo|tucson
4|32.25658963|-110.94866714|Cherry & Glenn|tucson
11|32.1730023199|-110.980137626|Rose Elementary|tucson
3|32.20739|-110.910634|Alvernon & 22nd|tucson
6|32.2044194275|-110.878069514|Craycroft & 22nd|tucson
13|32.1912054464|-110.840594084|Golf Links|tucson
7|32.1745752386|-110.737158738|Saguaro Park East|tucson
8|32.047670411|-110.774377084|Fairgrounds|tucson
5|31.8795071913|-110.99649028|Green Valley|tucson
15|31.827282|-111.011128|Green Valley Fire|tucson
MURI1|41.3728716494|-111.042259121|Murphy Ridge|wyoming
MOXA1|41.7505422291|-109.788469019|Moxa Arch|wyoming
WYHI1|41.1580029652|-108.619476779|Hiawatha|wyoming
WAMS1|41.6777150735|-108.024134548|Wamsutter|wyoming
SOPA1|42.527642599|-108.72034835|South Pass|wyoming
WYJS1|42.4064430202|-109.560166266|Juel Spring|wyoming
WYBP1|42.4866652101|-110.099124234|Big Piney|wyoming
SHEL1|42.719025518|-109.752844599|Boulder|wyoming
WYPD1|42.8698533664|-109.870820228|Pinedale|wyoming
WYCH1|41.130738752|-104.753179126|Cheyenne Mobile|wyoming
CHEY1|41.1822615515|-104.77871203|Cheyenne NCore|wyoming
CASP1|42.8222628853|-106.365053638|Casper|wyoming
WYCA1|42.8458020081|-106.277390172|Casper Mobile|wyoming
WYCV1|43.1012952353|-105.498980953|Converse County|wyoming
CACO1|44.1470970618|-105.530286888|Campbell County|wyoming
TBNG1|44.6633382854|-105.287397344|Thunder Basin National Grassland|wyoming
116|46.3180049133|-117.984928861|Dayton-W Main St|washington
151|47.5926604722|-122.627498526|Bremerton-Spruce Ave|washington
152|47.4306138499|-120.341905894|Wenatchee-Fifth St|washington
155|47.8084977781|-117.342658205|Colbert-Greenbluff Rd|washington
71|45.8679038147|-122.412031498|Yacolt-Yacolt Rd|washington
132|48.3999503259|-119.518931544|Omak-Colville Tribe|washington
190|47.6007325258|-122.148212039|Bellevue-SE 12th St|washington
156|47.8062736989|-122.316689511|Lynnwood-212 (ULT)|washington
68|48.4771022947|-120.190306786|Winthrop-Chewuch Rd|washington
118|48.2940437987|-122.659547986|Oak Harbor-SW 6th|washington
173|48.5447258541|-117.903144632|Colville-E 1st St|washington
24|47.5977566137|-120.664029714|Leavenworth-Evans St|washington
25|46.1393831372|-122.961981394|Longview-30th Ave|washington
123|46.3754555221|-120.729368375|White Swan-Yakama Tribe|washington
137|47.2135963895|-123.100928091|Shelton-W Franklin|washington
42|47.5681884762|-122.308614849|Seattle-Beacon Hill|washington
20|46.2184612415|-119.201164305|Kennewick-Metaline|washington
29|46.5754655272|-119.00201321|Mesa-Pepiot Way|washington
65|47.8852714127|-117.988669919|Wellpinit-Spokane Tribe|washington
21|46.8153895175|-117.874033385|LaCrosse-Hill St|washington
46|47.5296130829|-122.320651374|Seattle-South Park|washington
27|48.0542753371|-122.171585736|Marysville-7th Ave|washington
119|48.4653578067|-122.560388381|Anacortes-Bartholomew Rd|washington
40|47.1280650399|-118.381875102|Ritzville-Alder St|washington
41|47.2311443717|-117.369158815|Rosalia-Josephine St|washington
2|47.3862247702|-122.231964228|Kent-Central & James|washington
4|46.9725345311|-123.831644425|Aberdeen-Division St|washington
1|47.0293974564|-122.821577276|Lacey-College St|washington
5|47.613069716|-122.201888865|Bellevue-Bellevue Way|washington
9|48.2977680365|-124.625035072|Cheeka Peak|washington
7|48.7625167553|-122.442109997|Bellingham-Yew St|washington
188|48.848065|-122.688888|Ferndale-Mountain View Rd|washington
143|48.9476024098|-122.147092575|Maple Falls - Azure Way|washington
120|47.6725461896|-117.364966668|Spokane-Augusta Ave|washington
189|47.337866385|-120.094775626|Malaga-Malaga Hwy|washington
141|48.5205695113|-122.614266591|Anacortes 202 Avenue|washington
76|47.5599757788|-122.33826383|Seattle-Duwamish|washington
108|47.6453849793|-117.589067398|Airway Heights-W 12th Ave|washington
168|46.3197050573|-119.998469923|Sunnyside-S 16th St|washington
72|46.5950331015|-120.512250122|Yakima-4th Ave|washington
126|46.6640441084|-122.967351301|Chehalis-Market Blvd|washington
127|48.3665538704|-124.610573753|Neah Bay 2-Makah Tribe|washington
164|45.643350053|-122.587586263|Vancouver NE 84th Ave|washington
166|48.1149931129|-123.43636179|Port Angeles- E 5th St|washington
74|47.6998003159|-117.42639679|Spokane-Monroe St|washington
106|47.6639533761|-117.257667073|Spokane-E Broadway Ave|washington
10|47.838296759|-120.023411427|Chelan-Woodin Ave|washington
56|47.3393125398|-124.285398106|Taholah-Quinault Tribe|washington
38|47.1400951611|-122.300368699|Puyallup-128th St|washington
15|48.950794757|-122.554374892|Custer-Loomis|washington
58|48.3645525376|-120.12104321|Twisp-Glover St|washington
17|46.9938311782|-120.544961585|Ellensburg-Ruby St|washington
16|48.2468121065|-121.603072342|Darrington-Fir St|washington
32|48.4101723261|-122.337538561|Mt Vernon-S Second St|washington
31|46.7839591575|-121.743671252|Mt Rainier-Jackson Visitors Ctr|washington
30|47.1303716293|-119.2737|Moses Lake-Balsam St|washington
37|46.7245599535|-117.18067212|Pullman-Dexter SE|washington
36|48.12919|-122.77897|Port Townsend-San Juan Ave|washington
53|47.186328372|-122.451559919|Tacoma- L Street|washington
77|47.490238327|-121.772783559|North Bend-North Bend Way|washington
184|48.855274|-122.7047|Ferndale-Kickerville Road|washington
54|47.2655932415|-122.384977236|Tacoma-Alexander Ave|washington
64|46.0587892668|-118.351548253|Walla Walla-12th St|washington
13|46.4255876257|-117.059735033|Clarkston-13th St|washington
57|46.3803185225|-120.332765286|Toppenish-Yakama Tribe|washington
28|36.8911213883|-81.25423|Rural Retreat|virginia
10|38.0765035465|-78.5039362325|Albemarle High School|virginia
17|39.280962952|-78.0815548046|Frederick Co. Public School Maint. Dept.|virginia
25|37.6266545931|-79.5125733768|Natural Bridge Station|virginia
26|38.47753|-78.81952|Harrisonburg VDOT|virginia
24|37.2833985063|-79.8845149349|Herman L. Horn Elementary School|virginia
13|37.3443612083|-77.2592297395|Charles City County|virginia
14|37.3574732898|-77.5935010371|Beach Road VDOT|virginia
18|37.6061420382|-77.2188016884|Hanover|virginia
19|37.5564785076|-77.4002615581|MSIC (MathScience Innovation Center)|virginia
37|37.5908291618|-77.4693276653|Bryan Park|virginia
30|37.1037343466|-76.3870524559|NASA Langley Research Center|virginia
31|36.8555608076|-76.3013212976|NOAA Storage Facility|virginia
34|36.9012002522|-76.437909474|Tidewater Community College|virginia
35|36.6652472914|-76.730752986|VA Tech Agricultural Research Center|virginia
11|38.8577223507|-77.059192986|Aurora Hills Visitor Center|virginia
12|38.2008925557|-77.37742|Fredericksburg Geomagnetic Observatory|virginia
15|38.7733276228|-77.1046648046|Lee District Park - Fairfax County|virginia
16|38.4736501727|-77.7677284419|Sumerduck - C. Phelps Wildlife Mgmt Area|virginia
20|39.0246945853|-77.4892179208|Ashburn - Broad Run High School|virginia
21|38.5228356648|-78.4349037675|Shenandoah National Park - Big Meadows|virginia
23|38.8528200361|-77.6346115581|Long Park - Haymarket|virginia
27|38.4812418951|-77.3703527255|Widewater Elem. School - Widewater|virginia
39|38.7684895383|-77.1834615581|Springfield Near Road Site|virginia
Appleton AAL|44.3074014972|-88.3950950068|Appleton AAL|wisconsin
Bad River (Tribal site)|46.6022580011|-90.6561429864|Bad River (Tribal site)|wisconsin
Bayside|43.1808069727|-87.9009104753|Bayside|wisconsin
Beloit - Converse|42.518369045|-89.0636202037|Beloit - Converse|wisconsin
Chiwaukee|42.504687311|-87.8092529463|Chiwaukee|wisconsin
Columbus|43.3155198568|-89.1088849796|Columbus|wisconsin
Devils Lake|43.4350818215|-89.6798301765|Devils Lake|wisconsin
Eau Claire DOT|44.7613946117|-91.4130350475|Eau Claire DOT|wisconsin
Fond du Lac|43.6874724101|-88.4220450611|Fond du Lac|wisconsin
Grafton|43.3432111908|-87.9209963512|Grafton|wisconsin
Green Bay East|44.5073078532|-87.9934900679|Green Bay East|wisconsin
Green Bay UW|44.5309815374|-87.9080088049|Green Bay UW|wisconsin
Harrington Beach|43.4982978165|-87.8102052784|Harrington Beach|wisconsin
Horicon Wildlife Area|43.4663544665|-88.6211560611|Horicon Wildlife Area|wisconsin
Jefferson - Laatsch|43.0034183077|-88.828204871|Jefferson - Laatsch|wisconsin
Kenosha - Water Tower|42.5956038787|-87.8857635251|Kenosha - Water Tower|wisconsin
Kewaunee|44.4431307237|-87.5051498778|Kewaunee|wisconsin
Kohler|43.7439608513|-87.7776167858|Kohler|wisconsin
La Crosse - DOT|43.7775506109|-91.2269100136|La Crosse - DOT|wisconsin
Lake Dubay|44.7073587767|-89.771842879|Lake Dubay|wisconsin
Lake Geneva|42.5805972372|-88.499290163|Lake Geneva|wisconsin
Madison East|43.1010127858|-89.3576605975|Madison East|wisconsin
Madison University|43.0737761964|-89.4359752377|Madison University|wisconsin
Manitowoc|44.1386764905|-87.6161400543|Manitowoc|wisconsin
Milwaukee College Ave Park and Ride|42.9307151346|-87.9320038642|Milwaukee College Ave Park and Ride|wisconsin
Milwaukee Fire Dept HQ|43.0399644121|-87.9207842827|Milwaukee Fire Dept HQ|wisconsin
Milwaukee SER DNR HQ|43.0609859743|-87.9135140136|Milwaukee SER DNR HQ|wisconsin
Milwaukee Sixteenth St.|43.0172483944|-87.9337405568|Milwaukee Sixteenth St.|wisconsin
Milwaukee College Ave Near Road|42.9326249862|-87.9343950747|Milwaukee College Ave Near Road|wisconsin
Newport Park|45.2371621802|-86.9939162426|Newport Park|wisconsin
Perkinstown|45.2066211653|-90.5971399185|Perkinstown|wisconsin
Potawatomi (Tribal site)|45.5649729895|-88.8085749796|Potawatomi (Tribal site)|wisconsin
Potosi|42.6930147199|-90.6981451969|Potosi|wisconsin
Racine|42.7147809056|-87.7984137365|Racine|wisconsin
Rhinelander|45.6450850025|-89.41848|Rhinelander|wisconsin
Sheboygan|43.8151997783|-87.7912896401|Sheboygan|wisconsin
Sheboygan Kohler-Andre|43.679|-87.716|Sheboygan Kohler-Andre|wisconsin
Trout Lake|46.0518332123|-89.6538511543|Trout Lake|wisconsin
Wauk-Cleveland|43.0201189367|-88.2150500679|Wauk-Cleveland|wisconsin
80010008|39.8283852654|-104.938268711|Adams County Admin Building (ADM)|colorado
80590002|39.8003357534|-105.099996163|Arvada (ARV)|colorado
80970007|39.1956849615|-106.836135827|Aspen (ASPN)|colorado
80590013|39.5415058979|-105.298358569|Aspen Park (ASP)|colorado
80970008|39.1929751699|-106.823239234|Aspen PM (ASPN2)|colorado
80050006|39.6385895337|-104.568974918|Aurora East (AURE)|colorado
80130014|40.0702995864|-105.220264256|Boulder Reservoir (BOUR)|colorado
80131001|40.0129781629|-105.267204859|Boulder-CU/Athens (BOU)|colorado
80310002|39.7511896933|-104.98764585|CAMP (CAMP)|colorado
80310014|39.7517796996|-105.030540125|Carriage (CRG)|colorado
80350004|39.5344881423|-105.070366459|Chatfield Park (CHAT)|colorado
80410017|38.8480085204|-104.828588744|Colorado College (CCOL)|colorado
80771001|39.1069178942|-108.74100134|Colorado National Monument (CO NM)|colorado
80830006|37.3501512|-108.587177897|Cortez Ozone (CTZ)|colorado
80290004|38.7392093208|-108.073081977|Delta (DELT)|colorado
80310025|39.703960702|-104.99798783|Denver Animal Shelter (DMAS)|colorado
80310016|39.7357328688|-104.95813449|DESCI (DES)|colorado
80810003|40.3292140077|-108.494275667|Elk Springs (ELK)|colorado
80691004|40.5774661772|-105.078750428|Fort Collins - CSU (FTC)|colorado
80690009|40.5712526966|-105.08000607|Fort Collins - CSU Facilities (FTCF)|colorado
80690012|40.583899729|-105.075273746|Fort Collins - DMA (DMA)|colorado
80690012|40.6421067041|-105.275106269|Fort Collins - Rist Canyon (FTCR)|colorado
80690011|40.5925190278|-105.141139945|Fort Collins - West (FTCW)|colorado
80770017|39.0637874321|-108.561278393|Grand Jct. Powell/PM2.5 (GJPB)|colorado
80770018|39.0642673939|-108.561650057|Grand Junction Shelter (GJCT)|colorado
81230006|40.4148277045|-104.706873581|Greeley - Hospital (GREH)|colorado
81230009|40.3863182421|-104.737406692|Greeley - Weld Co. Tower (GRET)|colorado
80050002|39.5679658777|-104.95722955|Highland (HLD)|colorado
80410015|38.8309069267|-104.839265636|Highway 24 (H24)|colorado
80310027|39.7321176892|-105.015321374|I-25 Denver (I25DEN)|colorado
80310028|39.7859129872|-104.988878383|I-25 Globeville (I25GLO)|colorado
80310026|39.7794887774|-105.005185373|La Casa (CASA)|colorado
80990003|38.1137892425|-102.62618656|Lamar Met - Port of Entry (LAM)|colorado
80130003|40.1645985744|-105.100791755|Longmont - Municipal (LNGM)|colorado
80410016|38.8530723127|-104.901390484|Manitou (MAN)|colorado
80310013|39.7385868349|-104.939961971|National Jewish Hospital (NJH)|colorado
80590011|39.7432067569|-105.179095029|NREL - South Table Mtn. (NREL)|colorado
80770020|39.1306798221|-108.313612409|Palisade Ozone & Met (PAL)|colorado
80850005|38.342466705|-108.945025232|Paradox (PDX)|colorado
80450012|39.541812217|-107.784051716|Rifle Ozone (RIFLO3)|colorado
80450007|39.5319191199|-107.78218296|Rifle PM (RIFL)|colorado
80590006|39.912816241|-105.188595775|Rocky Flats - North (RFN)|colorado
80410013|38.9583394427|-104.817227412|U.S. AF Academy (ACAD)|colorado
80013001|39.8382164216|-104.949851832|Welby (WBY)|colorado
80590005|39.6387848353|-105.139507669|Welch (WCH)|colorado
49|21.9494832709|-159.364962436|NIUMALU|hawaii
34|21.323757658|-158.08866521|KAPOLEI|hawaii
44|21.3933176455|-157.969994771|PEARL CITY|hawaii
46|21.3058679218|-157.873035283|SAND ISLAND|hawaii
37|21.3076269382|-157.855463849|HONOLULU|hawaii
60|20.8709533336|-156.4924643|KAHULUI|hawaii
45|20.7809942748|-156.446376908|KIHEI|hawaii
54|20.9019201489|-156.370487822|PAIA|hawaii
41|19.509663548|-155.913503613|KONA|hawaii
36|19.1175674165|-155.778221597|OCEAN VIEW|hawaii
38|19.2038306254|-155.480129403|PAHALA|hawaii
40|19.7175974551|-155.110543613|HILO|hawaii
48|19.5554126358|-155.101966113|MOUNTAIN VIEW|hawaii
42|-154.898668|-154.898668|PUNA E|hawaii
DIXIE|32.6798040389|-93.8601451969|Dixie site|louisiana
SHREVEPORT|32.5362672908|-93.7489513535|Shreveport Downtown Airport site|louisiana
MONROE|32.5097525801|-92.0460882261|Monroe Airport site|louisiana
CARVILLE|30.2038182619|-91.117277955|Carville site|louisiana
CONVENT|29.9948697194|-90.8171010685|St. James Parish Courthouse Convent site|louisiana
DUTCHTOWN|30.2293825445|-90.9654988153|Dutchtown site|louisiana
FRENCHSETTLEMENT|30.3151633156|-90.8112760655|French Settlement site|louisiana
BAYOUPLAQUEMINE|30.2210171495|-91.3152794046|Bayou Plaquemine site|louisiana
LSU|30.4198169162|-91.1820275221|Baton Rouge LSU site|louisiana
CAPITOL|30.4620452411|-91.1792281671|Baton Rouge Capitol site|louisiana
PORTALLEN|30.5008489435|-91.2136172379|Port Allen site|louisiana
SOUTHERN|30.525663472|-91.1861561245|Southern University site|louisiana
PRIDE|30.7008983903|-91.0560550131|Pride site|louisiana
NEWROADS|30.6817223817|-91.3662373972|New Roads site|louisiana
I610|29.9959712853|-90.1181956378|I-610 site New Orleans|louisiana
KENNER|30.0410099353|-90.2727806935|Kenner site|louisiana
THIBODAUX|29.7644250564|-90.7655597716|Thibodaux site|louisiana
CHALMETTEVISTA|29.9431083564|-89.9762492481|Chalmette Vista site|louisiana
GARYVILLE|30.0572770827|-90.6191744989|Garyville site|louisiana
CITYPARK|29.9933177269|-90.1014226017|New Orleans City Park site|louisiana
MERAUX|29.9396295655|-89.9238304033|Meraux site|louisiana
MADISONVILLE|30.4293392324|-90.1996794982|MadisonvilleNorthshore site|louisiana
LAFAYETTE|30.2258785702|-92.0427641658|Lafayette USGS site|louisiana
STMARTINVILLE|30.088037063|-91.8697652309|St. Martinville site|louisiana
CARLYSS|30.1400216494|-93.3682801676|Carlyss site|louisiana
VINTON|30.2276329477|-93.579751289|Vinton site|louisiana
WESTLAKE|30.2624216898|-93.2850756408|Westlake site|louisiana
LIGHTHOUSE|30.2199065818|-93.3092766736|Lake Charles Lighthouse Lane site|louisiana
250030006|42.4520186087|-73.2554039806|PITTSFIELD SOUTH ST|massachusetts
250130016|42.1090412086|-72.5912781415|SPRINGFIELD|massachusetts
250130008|42.1944741678|-72.5556415732|CHICOPEE|massachusetts
250154002|42.2985280551|-72.3345804293|WARE|massachusetts
250112005|42.6058329834|-72.5966537098|GREENFIELD|massachusetts
250270023|42.2639820486|-71.7948544234|WORCESTER SUMMER ST|massachusetts
250051004|41.6857451724|-71.1697707631|FALL RIVER|massachusetts
250230005|42.0651058088|-71.0127430097|BROCKTON|massachusetts
250213003|42.2118361914|-71.1145195732|BLUE HILL|massachusetts
250092006|42.4748622143|-70.971967435|LYNN|massachusetts
250094005|42.8145102197|-70.818491806|NEWBURYPORT|massachusetts
250250044|42.3251398385|-71.0560012781|VON HILLERN|massachusetts
250250042|42.3295110379|-71.0826570049|ROXBURY|massachusetts
250250002|42.3489550689|-71.0977066427|KENMORE|massachusetts
250095005|42.7708739746|-71.1028364293|HAVERHILL|massachusetts
SL|45.7804091657|-108.511545185|Billings|montana
BI|45.3661538434|-106.489822311|Birney|montana
BH|45.6837694478|-111.056334158|Bozeman|montana
BD|45.4403077149|-105.370262695|Broadus|montana
BN|46.0026077351|-112.501250593|Butte|montana
FV|48.3637153861|-114.189269016|Flathead Valley|montana
FT|47.0129126951|-114.224269835|Frenchtown|montana
OP|47.4943271583|-111.303333632|Great Falls|montana
PS|46.2436252054|-114.15886523|Hamilton|montana
RP|46.6587663046|-112.013102442|Helena|montana
LB|48.3916801562|-115.55226892|Libby|montana
ML|48.3175253305|-107.862253714|Malta:2309 Short Oil Road|montana
MS|46.8423027098|-114.020582393|Missoula|montana
SE|47.1756351845|-113.476170127|Seeley Lake|montana
OF|47.8034030102|-104.48558098|Sidney|montana
TF|47.5943945196|-115.323750607|Thompson Falls|montana
PE|44.6570190742|-111.08961098|West Yellowstone|montana
LT|47.0485156425|-109.455359287|Lewistown|montana
23-005-2003|43.5610434965|-70.207334153|Cape Elizabeth|maine
23-031-2002|43.3431687525|-70.4710525893|Kennebunkport|maine
23-009-0103|44.3771094997|-68.2609372121|McFarland Hill|maine
23-013-0004|43.9179625686|-69.2607600588|Port Clyde|maine
23-029-0019|44.5317180612|-67.5956093828|Jonesport|maine
23-029-0032|44.9636347288|-67.0607347369|Sipayik (Pleasant...|maine
23-009-0102|44.3517566623|-68.226898049|Cadillac|maine
23-017-0002|44.3778163131|-70.8547770817|Bethel|maine
23-001-0014|43.9746901813|-70.1246095136|Durham|maine
23-011-2005|44.2306356148|-69.7849861509|Gardiner|maine
23-031-0040|43.5889287147|-70.8771782754|Shapleigh Ball Park|maine
23-031-0038|43.6567184938|-70.6290511366|West Buxton|maine
23-019-4008|44.7361160535|-68.6709569921|Holden|maine
23-003-0014|47.3552706177|-68.3209298187|Madawaska|maine
23-003-1008|46.6985014253|-68.0389846975|Presque Isle|maine
23-007-2002|45.0802845698|-70.211892024|Carrabassett|maine
23-017-2011|44.5514366328|-70.5463143308|Rumford|maine
23-001-0011|44.0894137723|-70.214227098|Lewiston|maine
23-019-0010|44.8166078102|-68.8202066136|Bangor|maine
23-019-0002|44.7988624673|-68.7696630972|Bangor|maine
23-005-0029|43.6602640157|-70.2689929167|Portland Deering ...|maine
43|36.1063882241|-115.253327456|Paul Meyer|clark_country
71|36.169751|-115.263025|Walter Johnson|clark_country
73|36.1734250057|-115.332736313|Palo Verde|clark_country
75|36.2705901956|-115.238280544|Joe Neal|clark_country
298|36.0487057239|-115.052910006|Green Valley|clark_country
540|36.1419076131|-115.078758469|Jerome Mack|clark_country
561|36.163959|-115.113916|Sunrise Acres|clark_country
601|35.9781593068|-114.846324775|Boulder City|clark_country
1019|35.785671|-115.357081469|Jean|clark_country
1501|36.1397224314|-115.17566125|Rancho & Teddy|clark_country
1502|36.1743451877|-115.139738762|Casino Center|clark_country
2002|36.1912491956|-115.122963469|JD Smith|clark_country
8000|36.3578175627|-115.361370619|Las Vegas Paiute|clark_country
9992|36.2155956021|-115.195343563|NLV Airport|clark_country
38|40.853544649|-73.9661459841|Ft Lee Near Road|new_jersey
16|40.7316060206|-74.0663338431|Jersey City|new_jersey
17|40.7254193816|-74.0523333496|Jersey City FH|new_jersey
34|40.7210388218|-74.192883291|Newark Firehouse|new_jersey
2|40.6702634145|-74.1261206783|Bayonne|new_jersey
10|40.662347|-74.214867|Elizabeth|new_jersey
11|40.6414540634|-74.2083752912|Elizabeth Trailer|new_jersey
30|40.6033465142|-74.275038422|Rahway PM|new_jersey
25|40.46218|-74.4294346941|Rutgers University|new_jersey
12|40.515282059|-74.8066828999|Flemington|new_jersey
37|39.9345330071|-75.1262117597|Camden Spruce St|new_jersey
6|40.7876371557|-74.6763091747|Chester|new_jersey
36|40.9246118024|-75.0678192704|Columbia|new_jersey
18|39.4222877611|-75.0252070745|Millville|new_jersey
32|39.4648774189|-74.4487239144|Brigantine|new_jersey
53|40.7431701011|-73.5854990411|Eisenhower Park|new_york
56|40.8489429172|-73.9305900411|IS 143|new_york
42|43.6859131906|-74.9856172278|Nicks Lake|new_york
60|40.7144504732|-73.9951734293|Division Street|new_york
134|42.9213297721|-78.7658261694|Buffalo Near Road|new_york
50|43.4495835551|-74.5162417146|Piseco Lake|new_york
62|40.7362862565|-73.8215619408|Queens College|new_york
63|41.1821098642|-74.0281679209|Rockland County|new_york
61|40.5802646017|-74.198299653|Fresh Kills West|new_york
80|40.63306|-74.137156|Port Richmond|new_york
25|41.7855191222|-73.7413190206|Millbrook|new_york
49|40.5966541321|-74.125254653|Susan Wagner|new_york
24|40.8161463073|-73.9020880798|IS 52|new_york
46|40.7452282374|-73.4192472237|Babylon|new_york
21|42.9932869117|-78.7715750386|Amherst|new_york
44|43.0523629002|-76.0592105913|East Syracuse|new_york
45|42.0911590174|-77.2098745423|Pinnacle|new_york
28|43.145785801|-77.5405982378|Rochester|new_york
40|44.3658835886|-73.9029404248|Whiteface Summit|new_york
3|43.2842818347|-76.4627931015|Fulton|new_york
1|42.6422684022|-73.7546783651|Albany County HD|new_york
5|42.6807823531|-73.7574190363|Loudonville|new_york
8|40.815414878|-73.8854659202|IS 74|new_york
6|40.6944959018|-73.927573676|PS 274|new_york
13|40.72698|-73.8931304692|Maspeth|new_york
75|40.7299989253|-73.9844593059|PS 19|new_york
73|40.8197231969|-73.9482483059|CCNY|new_york
106|43.145000436|-77.5576065702|Rochester Near Rd|new_york
39|44.393127688|-73.8589460206|Whiteface Base|new_york
79|42.9981419554|-78.8993178162|Tonawanda II|new_york
10|40.6418094081|-73.8855380411|PS 314|new_york
77|42.9883081234|-78.9184766324|Grand Island Blvd|new_york
19|42.8769629342|-78.8097499794|Buffalo|new_york
35|43.0118600689|-73.6491744474|Stillwater|new_york
30|44.0875118803|-75.9732264482|Perch River|new_york
33|41.4559298723|-73.7097469794|Mt. Ninham|new_york
15|43.0988825189|-75.2249920629|Utica|new_york
36|40.8280013888|-73.0575396877|Suffolk County|new_york
38|41.4991921972|-74.0088929794|Newburgh|new_york
34|41.0519012633|-73.7636410206|White Plains|new_york
57|40.867940554|-73.8781261237|NYBG|new_york
18|42.4996416111|-79.3187812505|Dunkirk|new_york
1|36.7971322152|-108.474045631|1H San Juan Substation|new_mexico
4|36.7420161292|-107.977495333|1ZB Bloomfield|new_mexico
81|36.8097540925|-107.651590999|1NL Navajo Lake|new_mexico
26|36.38333|-105.58333|3ZD Taos Fire Station|new_mexico
103|36.1877374158|-106.698391678|3CRD Coyote Ranger District|new_mexico
97|35.6198112353|-106.079555543|3SFA Santa Fe Airport|new_mexico
108|35.3289041201|-106.47674494|Placitas PM|new_mexico
8|35.2994644198|-106.548402508|2ZJ Bernalillo|new_mexico
93|34.8147852529|-106.739661423|2LL Los Lunas|new_mexico
38|32.7267517534|-103.122876046|5ZS Hobbs Jefferson|new_mexico
35|32.3799330018|-104.261681081|5ZR Carlsbad|new_mexico
90|32.2557811636|-107.72264293|7E Deming Airport|new_mexico
63|32.424602234|-106.673962092|6ZL Holman Rd|new_mexico
72|32.3177579796|-106.768096594|6ZQ Solano Drive|new_mexico
50|32.2780826504|-106.86495731|6WM West Mesa|new_mexico
60|32.0411285512|-106.409610436|6ZK Chaparral|new_mexico
42|32.0032805801|-106.599290368|6CM Anthony|new_mexico
46|31.9304164044|-106.630588425|6O La Union|new_mexico
69|31.7880521323|-106.682558414|6ZN Santa Teresa|new_mexico
66|31.7961774276|-106.583851701|6ZM Desert View|new_mexico
56|31.7958462757|-106.557601218|6ZG Sunland Park|new_mexico
10102|44.4180031874|-118.951342394|10102|oregon
10118|42.1903009595|-121.731389081|10118|oregon
10123|42.1892249192|-120.353984619|10123|oregon
10139|45.496666024|-122.602921625|10139|oregon
10146|45.6522387984|-118.823057544|10146|oregon
10162|45.426351|-117.296066|10162|oregon
14152|45.768531|-122.772151319|14152|oregon
18432|42.2900659404|-123.232102231|18432|oregon
20448|42.314086076|-122.87924785|20448|oregon
20478|44.5884301915|-123.267529819|20478|oregon
20481|45.4702035179|-122.816437775|20481|oregon
21252|45.6024236832|-121.203429394|21252|oregon
21886|44.61569|-123.091472619|21886|oregon
24172|44.0639063802|-121.312609781|24172|oregon
25161|42.6234794794|-122.809327974|25161|oregon
28859|42.4341768257|-123.3485017|28859|oregon
31001|44.3958159428|-122.730522313|31001|oregon
31008|44.2998652479|-120.844837706|31008|oregon
31016|43.5892839381|-119.04872|31016|oregon
31035|44.2920920145|-121.555504463|31035|oregon
31036|42.1617099235|-123.648521806|31036|oregon
31063|42.1939760538|-122.708294156|31063|oregon
31070|45.3239952348|-118.078959963|31070|oregon
31929|44.9431171586|-123.005956313|31929|oregon
31967|45.5285119418|-122.972435931|31967|oregon
32529|43.2266487741|-123.364830163|32529|oregon
32758|44.7882785915|-117.84436795|32758|oregon
102|48.7056479854|-116.369364644|Bonners Ferry KTOI|idaho
114|48.2921256136|-116.556707669|Sandpoint PM|idaho
170|47.7889069737|-116.804560207|Lancaster BAM 1020|idaho
135|47.5367329504|-116.23692274|Pine PM Map|idaho
96|47.3385805306|-116.885963206|Plummer (PM2.5)|idaho
181|47.3168885315|-116.570773583|St Maries BAM 1020|idaho
208|46.408338856|-116.992589822|Lewiston PM25 BAM|idaho
210|46.721932|-116.95918|Moscow PM25 BAM|idaho
18|44.9069249965|-116.106687201|McCall USFS (PM2.5)|idaho
207|45.9312058418|-116.115498625|Grangeville PM25 BAM|idaho
11|44.1043814842|-115.973282541|Garden Valley (PM2.5)|idaho
39|45.1819053251|-113.890282511|Salmon (PM2.5-BAM)|idaho
14|43.8228844087|-115.839768397|Idaho City (PM2.5)|idaho
30|43.6189540804|-116.213711243|Boise Fire Station #5 (PM10)|idaho
108|43.6007557904|-116.347936881|St Lukes|idaho
163|43.5803019805|-116.56262983|Nampa Particulate|idaho
195|42.5651768333|-114.494950438|Rock Creek BAM|idaho
134|42.8769200585|-112.460003813|Pocatello PM|idaho
180|43.4647037872|-112.046515116|Idaho Falls BAM|idaho
36|42.0135036058|-111.809996316|Franklin (PM2.5-BAM)|idaho
03614|38.3426193267|-120.764433066|Jackson-Clinton Road|california
04625|39.7616931158|-121.840496685|Chico - East Avenue|california
04633|39.7792102495|-121.59128393|Paradise - Theater|california
04636|39.3275600248|-121.668832896|Gridley|california
04638|39.7084760739|-121.617323047|Paradise - Airport|california
05633|38.2019025973|-120.680288304|San Andreas-Gold Strike Road|california
06646|39.1891932931|-121.998890755|Colusa-Sunrise Blvd|california
07432|37.9262031535|-122.385490429|Richmond-Point Richmond|california
07434|38.0128648608|-122.13447638|Martinez-Jones Street|california
07436|37.8647832824|-122.3027392|Berkeley - Aquatic Park|california
07437|38.0548853234|-122.233208005|Crockett-Kendall Avenue|california
07441|37.9480053188|-122.364765909|Richmond-7th Street|california
07442|38.0063218002|-121.641961653|Bethel Island Road|california
07446|38.0342899064|-122.270356679|Rodeo-Third St|california
07447|37.9603940001|-122.356823817|San Pablo-Rumrill|california
07448|37.936015587|-122.026251061|Concord|california
09690|38.7253136111|-120.821966744|Placerville-Gold Nugget Way|california
09691|38.9450062328|-119.970475907|South Lake Tahoe-Sandy Way|california
09693|38.8909565615|-121.003389043|Cool (seasonal)|california
09695|38.8116524004|-120.033093871|Echo Summit (seasonal)|california
10025|36.7262189968|-119.732433674|Fresno - Pacific|california
10230|36.5974962754|-119.503691252|Parlier|california
10240|34.841579792|-118.860615048|Lebec|california
10241|36.9532626859|-120.034220012|Madera City|california
10242|36.6342585282|-120.382333942|Tranquility|california
10243|36.0318061958|-119.055046245|Porterville|california
10244|36.7055349123|-119.741387497|Fresno - Drummond|california
10245|36.8415670294|-119.874475048|Fresno - Skypark|california
10247|36.1986601009|-120.101183769|Huron - 4th Street|california
10248|36.8193320514|-119.716398013|Clovis-N Villa Avenue|california
10251|36.7853789975|-119.77313615|Fresno - Garland|california
10252|36.7108860206|-119.777446272|Fresno - Foundry Park|california
11676|39.5338678147|-122.190855102|Willows-Colusa|california
12505|40.7767596954|-124.179484601|Eureka - Jacobs Ave.|california
12507|40.7152572908|-124.201486182|Eureka - Humboldt Hill|california
13601|33.3526494092|-115.734269815|Bombay Beach|california
13602|33.1763797634|-115.623015395|Sonny Bono|california
13603|33.1691332486|-115.855801804|Naval Test Base|california
13604|33.2724759522|-115.900630841|Salton City|california
13694|32.7921367092|-115.562946229|El Centro-9th Street|california
13697|33.0324042482|-115.62364777|Westmorland|california
13698|32.6761820787|-115.483081796|Calexico-Ethel Street|california
13701|32.9782495138|-115.539000047|Brawley-Main Street #2|california
13997|33.2134352412|-115.545221724|Niland-English Road|california
14022|36.3261400844|-117.955100014|Dirty Socks|california
14024|36.4199660433|-117.836721252|Flat Rock|california
14025|36.3663099208|-117.897573742|Shell Cut|california
14151|36.5088338554|-116.847688712|Death Valley Natl Monument|california
14696|36.049349811|-117.943779715|Coso Junction - Hwy. 395|california
14699|36.6089770334|-118.057792449|Lone Pine-E Locust Street|california
14700|36.6081931006|-118.047674376|Lone Pine Sewer Ponds|california
14724|36.0571928988|-117.861355532|Coso Junction - Gate|california
14727|36.5422479324|-117.990083742|North Beach Owens Lake|california
14728|36.4878640888|-117.871042503|Keeler-Cerro Gordo Road|california
14729|36.2675620184|-117.99298|Olancha-Walker Creek|california
14730|36.3619319362|-118.010812531|Owens Lake-Ash Point-Stanley|california
14732|37.3607015383|-118.330810313|White Mountain Research Station|california
14733|36.5431220113|-117.941816272|Lizard Tail|california
14734|36.458048926|-117.851846245|Mill|california
15242|35.3456345035|-118.851794952|Edison|california
15243|35.4380379604|-119.01680502|Oildale|california
15246|35.0515497532|-119.402640014|Maricopa|california
15248|35.5035042658|-119.272637497|Shafter|california
15249|35.2391922679|-118.788631252|Arvin - Di Giorgio|california
15252|35.0504807409|-118.147788762|Mojave|california
15255|35.3566077499|-119.062584966|Bakersfield-California Avenue|california
15256|35.3856108157|-119.015003755|Bakersfield-Golden|california
15257|35.3315610212|-118.999923782|Bakersfield - Municipal Airport|california
15258|35.3246532762|-118.997647524|Bakersfield - Airport|california
15300|35.621087965|-117.672992544|Ridgecrest - California Av|california
15310|35.7276951009|-118.137716744|Canebrake|california
16716|36.3157573173|-119.643322626|Hanford-S Irwin Street|california
16719|36.1021919094|-119.565700081|Corcoran-Patterson Avenue|california
17713|39.0327122557|-122.922356739|Lakeport-Lakeport Blvd|california
17720|38.7745159782|-122.699499114|Anderson Springs|california
17725|38.8502557859|-122.736159488|Hobergs-Pine Summit|california
17728|38.8484846784|-122.757919673|Glenbrook|california
20211|36.8671646484|-120.010126769|Madera - Pump Yard|california
21451|37.9723386112|-122.520116065|San Rafael|california
21454|37.8336271882|-122.533214428|Fort Cronkhite|california
22742|37.7487527655|-119.587106572|Yosemite Village - Visitor Center|california
22744|37.5437254954|-119.839614405|Jerseydale|california
22746|37.7132357091|-119.706164143|Yosemite Natl Park-Turtleback|california
23754|39.4117800559|-123.352652455|Willits - Justice Center|california
23758|39.4373417809|-123.787622584|Fort Bragg - 300 Dana Street|california
23764|39.150484841|-123.206557874|Ukiah - Library|california
23769|39.1456703457|-123.202985107|Ukiah - Gobbi Street|california
24510|37.3085912723|-120.480452787|Merced M Street|california
24528|37.2817842559|-120.43369341|Merced - Coffee Road|california
24531|37.7934368995|-121.247820439|Manteca AMS|california
26011|38.0697241579|-118.947744516|Mono Lake - North Shore|california
26779|37.9596988541|-119.120281118|Lee Vining-SMS|california
26785|37.6457188924|-118.966556711|Mammoth Lakes-Gateway HC|california
27550|36.4819444465|-121.733338635|Carmel Valley-Ford Road|california
27554|36.6942383675|-121.623315196|Salinas #3|california
27555|36.2090308425|-121.125991592|King City - Pearl|california
28783|38.3109763829|-122.296174431|Napa-Jefferson Avenue|california
29794|39.327800023|-120.184573567|Truckee - Fire Station|california
29800|39.2334830498|-121.055601921|Grass Valley-Litton Building|california
29802|39.3178367101|-120.845327023|White Cloud (seasonal)|california
30002|33.6299707926|-117.675852463|Mission Viejo|california
30031|33.8193266385|-117.918777524|Anaheim - Near Road|california
30177|33.9250924073|-117.952594011|La Habra|california
30178|33.8306110398|-117.938520027|Anaheim-Loara School|california
30195|33.6746120609|-117.925371715|Costa Mesa-Mesa Verde Drive|california
31815|38.9356546592|-121.099660262|Auburn - Atwood Rd|california
31817|38.8856120749|-121.302069058|Lincoln - 1445 1st St.|california
31818|39.0998096057|-120.953939682|Colfax-City Hall|california
31819|39.1659588089|-120.148927504|Tahoe City - 221 Fairway Drive|california
31822|38.746405799|-121.265000723|Roseville-N Sunrise Ave|california
32821|39.9395720449|-120.944378126|Quincy-N Church Street|california
32823|40.30965864|-121.227846975|Chester|california
32826|39.8133378855|-120.470710063|Portola - Gulling Street|california
33031|33.5836834973|-117.082790518|Temecula - Lake Skinner|california
33033|33.5720019423|-116.063826526|Mecca - Saul Martinez|california
33137|33.8526477536|-116.541015069|Palm Springs-Fire Station|california
33144|33.9995044343|-117.415931225|Rubidoux - Mission Blvd|california
33149|33.7893476846|-117.227667537|Perris|california
33155|33.9214654901|-117.572415382|Norco|california
33157|33.7085371181|-116.215405704|Indio-Jackson Street|california
33158|33.6765487495|-117.33104|Lake Elsinore-W Flint Street|california
33164|33.9207918121|-116.858435034|Banning-Airport|california
33165|33.9963693397|-117.492412517|Mira Loma-Van Buren|california
33199|34.0854992037|-117.312864803|San Bernardino - KVCR Tower|california
33201|33.6124002264|-114.602020238|Blythe-Murphy Street|california
33601|33.5183285362|-116.075363008|Torres - Martinez|california
33602|33.5089674147|-115.91959992|Salton Sea Park|california
34277|38.5563320681|-121.458698292|Sacramento-Health Dept|california
34279|38.5933258281|-121.503740351|Sacramento - Bercut Drive|california
34284|38.5512335068|-121.336596724|Sacramento-Branch Center #2|california
34294|38.7120920034|-121.381075919|North Highlands-Blackfoot Way|california
34295|38.6137297553|-121.36802756|Sacramento-Del Paso Manor|california
34305|38.5684478286|-121.493145347|Sacramento - 1309 T Street|california
34310|38.3025700293|-121.420826742|Elk Grove - Bruceville Road|california
34311|38.6832969931|-121.164453147|Folsom-Natoma Street|california
34312|38.4944662441|-121.211171216|Sloughhouse|california
34315|38.6506899222|-121.506630571|Sacramento-Goldenland|california
35823|36.8434428121|-121.362116704|Hollister-Fairview Road|california
35824|36.4832960384|-121.156805971|Pinnacles National Monument|california
36001|34.2646565514|-116.861483769|Big Bear|california
36035|34.0681295033|-117.525770118|Ontario - Near Road (Etiwanda)|california
36036|34.0309012777|-117.617435119|Ontario - Route 60 Near Road|california
36150|33.7412754225|-115.820407666|Joshua Tree NP - Cottonwood|california
36151|33.9398178664|-115.41085455|Joshua Tree NP - Pinto Wells|california
36152|34.0695661524|-116.388955034|Joshua Tree National Monument|california
36153|35.1028204538|-115.776500063|Mojave National Preserve - Kelso|california
36155|34.894020227|-117.024730027|Barstow|california
36175|34.1036731093|-117.629101306|Upland|california
36181|34.243160007|-117.272286231|Lake Gregory (Crestline)|california
36197|34.1001510365|-117.492008789|Fontana-Arrow Highway|california
36201|34.4165092933|-117.285617537|Hesperia-Olive Street|california
36203|34.1066879272|-117.27407249|San Bernardino|california
36204|34.059648963|-117.147366286|Redlands|california
36207|34.4250644548|-117.589843782|Phelan-Beekley Road & Phelan R|california
36208|34.4101089147|-116.906888775|Lucerne Valley - Middle School|california
36220|35.7744559379|-117.372137551|Trona - Athol/Telescope #2|california
36306|34.5109249317|-117.32554249|Victorville - Park Avenue|california
39252|37.9507465711|-121.268984595|Stockton-Hazelton|california
39271|37.6826734298|-121.442428821|Tracy - Airport|california
40833|35.3664033259|-120.842672157|Morro Bay|california
40836|35.2565772538|-120.669481682|San Luis Obispo-Higuera Street|california
40844|35.1239358321|-120.632205034|Grover Beach-Lesage Drive|california
40848|35.4944179618|-120.666214993|Atascadero Lift Station #5|california
40849|35.0207776992|-120.563866218|Nipomo-Guadalupe Road|california
40850|35.6146832284|-120.656935034|Paso Robles|california
40852|35.0315030748|-120.501008748|Nipomo - Regional Park|california
40853|35.0467395051|-120.587778762|CDF - Arroyo Grande|california
40990|35.3547551823|-120.040110527|Carrizo Plains|california
40999|35.6437027224|-120.231388816|Red Hills|california
41539|37.5081096378|-122.24629864|San Carlos Airport II|california
41541|37.4829671927|-122.203524999|Redwood City|california
42037|34.464552776|-120.044936218|Las Flores Canyon-Odor site|california
42098|34.7190189712|-120.432777469|Lompoc-Odor|california
42101|34.4897558733|-120.046905007|Las Flores Canyon #1|california
42369|34.6058230907|-120.07506249|Santa Ynez|california
42370|34.4624500714|-120.025518816|El Capitan Beach|california
42381|34.6378220597|-120.457478721|Lompoc-South H Street|california
42390|34.5959403037|-120.631288748|Vandenberg Air Force Base-STS|california
42394|34.7253451438|-120.428693714|Lompoc-HS&P|california
42395|34.5416680377|-119.791533769|Los Padres National Forest|california
42399|34.5274922799|-120.196502286|Gaviota - Nojoqui|california
42401|34.4149613587|-119.87964249|Santa Barbara - UCSB Campus|california
42402|34.4030706551|-119.457943796|Carpinteria-Gobernador Road|california
42404|34.4455130967|-119.828451252|Goleta-Fairview|california
42408|34.9428340884|-120.435650054|Santa Maria - South Broadway|california
42409|34.4277685841|-119.690874952|Santa Barbara-National Guard Armory|california
43380|37.2268831662|-121.979646589|Los Gatos|california
43381|37.3297802151|-121.815444378|Reid Hillview Airport|california
43383|37.3485130156|-121.894897082|San Jose - Jackson St|california
43385|37.3381985854|-121.849891947|San Jose - Knox Ave|california
43389|36.9995476716|-121.574763463|Gilroy-9th Street|california
43393|37.0793389945|-121.599863019|San Martin|california
44200|36.9833293686|-121.988191359|Santa Cruz AMS|california
44858|37.0631559134|-122.083126531|San Lorenzo Valley Middle School|california
45555|40.5500667024|-122.380965031|Redding - Health Department|california
45566|40.5399684346|-121.576518866|Lassen Volcanic National Park|california
45567|40.4531142794|-122.29887747|Anderson-North Street|california
47861|41.7267909096|-122.633604234|Yreka|california
47873|40.6770317292|-122.374228045|Shasta Lake-La Mesa|california
47875|40.6890839961|-122.402301243|Shasta Lake - Lake Blvd|california
48879|38.1025189424|-122.237950331|Vallejo|california
48880|38.2270639159|-122.075651967|Fairfield-Chadbourne|california
48881|38.3513898993|-121.994362563|Vacaville-Merchant Street|california
48884|38.3565696809|-121.949877132|Vacaville-Ulatis Drive|california
49886|38.8042791303|-123.01814539|Cloverdale|california
49891|38.4037697922|-122.818234336|Sebastopol|california
49895|38.501119081|-122.998179594|Guerneville-Church and 1st|california
49898|38.610882291|-122.868784877|Healdsburg - Matheson|california
49899|38.6540813172|-122.901867664|Healdsburg-Municipal Airport|california
50568|37.6421566974|-120.994282404|Modesto-14th Street|california
50573|37.4882465021|-120.835914403|Turlock-S Minaret Street|california
51898|39.1386238947|-121.618859141|Yuba City|california
51899|39.2055933081|-121.820345342|Sutter Buttes (seasonal)|california
52903|40.1709114358|-122.255618208|Red Bluff - Walnut St|california
52910|40.2620563765|-122.092590712|Tuscan Butte (seasonal)|california
53915|40.7347670473|-122.941175602|Weaverville|california
54000|36.3140081317|-119.39285479|Visalia - Airport|california
54009|36.489426981|-118.829136245|Sequoia National Park-Ash Mountain|california
54036|36.56613|-118.777696245|Sequoia National Park-Lower Kaweah|california
54568|36.3325321003|-119.29093498|Visalia|california
55930|37.9817844653|-120.378550893|Sonora - Barretta Street|california
56172|34.4480492898|-119.231308748|Ojai - East Ojai Av|california
56434|34.2763710392|-118.683802571|Simi Valley - Cochran Street|california
56435|34.2101803701|-118.870496245|Thousand Oaks-Moorpark Road|california
56436|34.2523551693|-119.143157469|El Rio-Rio Mesa School #2|california
56437|34.2912441365|-118.797647551|Simi Valley - Upper Air|california
56450|34.4042734256|-118.809937537|Piru - Pacific|california
57570|38.5714227347|-121.525788553|West Sacramento-15th Street|california
57577|38.5345642741|-121.773421842|Davis-UCD Campus|california
57582|38.6612264872|-121.732716619|Woodland-Gibson Road|california
60337|37.6545608179|-122.031598687|Hayward|california
60341|37.7436603357|-121.934191221|San Ramon - Alcosta Blvd|california
60342|37.6895998598|-121.631936023|Patterson Pass|california
60344|37.6875207232|-121.784213869|Livermore - Rincon|california
60347|37.7430574464|-122.169940267|Oakland - East|california
60349|37.8147832411|-122.282365142|Oakland - West|california
60351|37.7936342371|-122.263380399|Laney College|california
70032|33.8597060907|-118.200706829|Long Beach - Route 710 Near Road|california
70042|34.0082770823|-118.190691428|AT&SF (Exide)|california
70043|34.0263336916|-117.98196215|Closet World (Quemetco)|california
70044|34.0064065109|-118.192922503|Rehrig (Exide)|california
70045|33.9548368669|-118.055298998|Uddeholm (Trojan Battery)|california
70046|34.0938193339|-117.527273782|SA Recycling|california
70060|34.1364861804|-117.923981779|Azusa|california
70072|33.8237818369|-118.189126204|North Long Beach (Long Beach)|california
70073|33.8024209515|-118.219937415|Long Beach - Hudson|california
70074|34.1991109672|-118.532767524|Reseda|california
70075|34.0669820738|-117.751353714|Pomona|california
70087|34.0664273477|-118.226653606|Los Angeles-North Main Street|california
70088|34.1326437835|-118.127163782|Pasadena|california
70090|34.383382396|-118.528383742|Santa Clarita-Placerita|california
70091|34.0511148899|-118.456391238|Los Angeles - VA Hospital|california
70110|33.7923760746|-118.175262517|South Long Beach|california
70111|33.9551021858|-118.430456204|Los Angeles - LAX|california
70112|33.9014687003|-118.205010027|Compton|california
70185|34.0102962255|-118.068521279|Pico Rivera #2|california
70301|34.6696104537|-118.130701881|Lancaster-Division Street|california
70591|34.1443741437|-117.850407537|Glendora-Laurel|california
80114|32.6312434527|-117.059084556|Chula Vista|california
80117|33.1310656231|-117.271838226|Palomar Airport|california
80128|32.842338652|-116.76797184|Alpine-Victoria Drive|california
80132|32.8179386154|-116.968273651|El Cajon - Floyd Smith Drive|california
80133|32.9520971636|-117.264111243|Del Mar - Winston School|california
80135|32.7895753396|-116.944299779|El Cajon - Lexington Elementary School|california
80136|32.8457102346|-117.123971431|San Diego - Kearny Villa Road|california
80140|32.5781669657|-116.921392924|Otay Mesa - Donovan Correctional Facility|california
80142|32.7015013699|-117.149655644|San Diego - Beardsley|california
80143|32.5435771002|-117.029125494|San Ysidro|california
80198|33.2170386038|-117.396244971|Camp Pendleton|california
80201|32.9854257979|-117.082199635|San Diego - Rancho Carmel Drive|california
90306|37.7659529157|-122.399043587|San Francisco-Arkansas Street|california
2|36.3362314836|-120.112906076|FivePoints|california
5|35.5326943851|-119.281831859|Shafter|california
6|38.5357830193|-121.77639401|Davis|california
7|36.8512345607|-120.59098148|Firebaugh/Telles|california
12|39.6086430311|-121.824439157|Durham|california
13|38.7531717039|-120.733692874|Camino|california
15|36.1581188033|-119.851418227|Stratford|california
19|36.7682351109|-121.773779965|Castroville|california
21|35.8677372796|-119.894884303|Kettleman|california
35|37.3585815829|-118.405477677|Bishop|california
39|36.5974618532|-119.504131566|Parlier|california
41|33.0431099065|-115.415825146|Calipatria/Mulberry|california
43|41.0637956018|-121.456033081|McArthur|california
44|33.9649626131|-117.336990465|U.C. Riverside|california
47|37.9281630749|-121.659740413|Brentwood|california
52|35.3054580126|-120.661817934|San Luis Obispo|california
54|35.6499003289|-119.959360172|Blackwells Corner|california
56|37.0973993041|-120.754229638|Los Banos|california
57|40.2897501084|-120.433950616|Buntingville|california
62|33.4866172711|-117.22820198|Temecula|california
64|34.5832603107|-120.079232151|Santa Ynez|california
68|32.7595683998|-115.732059535|Seeley|california
70|37.8348054703|-121.223146833|Manteca|california
71|37.6451805699|-121.187731222|Modesto|california
75|33.6884532652|-117.721174768|Irvine|california
77|38.4284831979|-122.410229621|Oakville|california
78|34.0566063397|-117.813047763|Pomona|california
80|36.8207701715|-119.742249828|Fresno State|california
83|38.4036002293|-122.799931308|Santa Rosa|california
84|39.2526248149|-121.315769415|Browns Valley|california
86|36.3606264085|-119.059342151|Lindcove|california
87|32.8061851989|-115.446291394|Meloland|california
88|34.9422354856|-119.675096313|Cuyama|california
90|41.4382179225|-120.480330929|Alturas|california
91|41.9588719182|-121.472390929|Tulelake FS|california
92|37.2318401702|-120.880967814|Kesterson|california
99|34.044320755|-118.476908313|Santa Monica|california
103|38.5264096808|-122.829239828|Windsor|california
104|36.9977772647|-121.996852874|De Laveaga|california
105|36.633918832|-120.381723666|Westlands|california
106|38.9826745478|-123.088673048|Sanel Valley|california
107|34.4373087676|-119.737325818|Santa Barbara|california
109|38.2195194431|-122.35496|Carneros|california
111|36.9439744545|-121.76393346|Green Valley Road|california
113|36.1212319856|-121.084467969|King City-Oasis Rd.|california
114|36.3473892331|-121.291262358|Arroyo Seco|california
116|36.7168437482|-121.691865146|Salinas North|california
117|34.4759495852|-117.263519157|Victorville|california
121|38.4155455515|-121.786929621|Dixon|california
124|36.8900486767|-120.731671617|Panoche|california
125|35.2057721814|-118.778436162|Arvin-Edison|california
126|36.8548612602|-121.362691136|San Benito|california
129|36.9028104266|-121.741965318|Pajaro|california
131|38.6499854533|-121.218889621|Fair Oaks|california
135|33.6628798874|-114.558049828|Blythe NE|california
136|33.5236950905|-116.155770929|Oasis|california
139|38.5012723318|-121.978528692|Winters|california
140|38.1217317965|-121.674458924|Twitchell Island|california
142|36.7210693694|-119.388950207|Orange Cove|california
143|36.822944769|-121.467927556|San Juan Valley|california
144|38.2664351892|-122.616490086|Petaluma East|california
146|35.5057648492|-119.691141308|Belridge|california
147|32.6281639339|-116.939285232|Otay Lake|california
148|37.3141192333|-120.386642444|Merced|california
150|32.8858415076|-117.143147849|Miramar|california
151|33.532222|-114.63389|Ripley|california
152|34.2195579812|-118.992361515|Camarillo|california
153|33.0810795932|-116.975710465|Escondido SPV|california
155|38.5992142269|-121.540391687|Bryte (experimental)|california
157|37.9954944936|-122.467658616|Point San Pedro|california
158|38.4194400249|-122.658748778|Bennett Valley|california
159|34.146392569|-117.98579346|Monrovia|california
160|35.3352588658|-120.735652393|San Luis Obispo West|california
161|37.4389388069|-121.138424974|Patterson|california
163|35.4725719795|-120.64817401|Atascadero|california
165|34.8418994718|-120.212677212|Sisquoc|california
167|37.7259565277|-121.47545852|Tracy|california
169|36.0822727179|-119.09318062|Porterville|california
170|38.0153812751|-122.020287849|Concord|california
171|37.5987714732|-122.053249621|Union City|california
173|32.9018626069|-117.250480929|Torrey Pines|california
174|33.7987317845|-118.094936506|Long Beach|california
175|33.383697|-114.71921|Palo Verde II|california
178|37.8376222645|-122.140768778|Moraga|california
179|33.6633620169|-117.093377384|Winchester|california
181|33.0787227996|-115.66034809|Westmorland North|california
182|35.8330710535|-119.255842272|Delano|california
183|36.488611|-117.91944|Owens Lake North|california
184|32.7294778632|-117.139483889|San Diego II|california
187|38.0909299115|-122.526711773|Black Point|california
188|37.0198788484|-120.149139279|Madera II|california
189|36.3586732975|-117.943872616|Owens Lake South|california
190|36.382083815|-120.229813374|Five Points South West|california
191|37.6639855679|-121.885056162|Pleasanton|california
192|34.255948487|-117.218308743|Lake Arrowhead|california
193|36.6332377455|-121.934863924|Pacific Grove|california
194|37.7274091983|-120.850865232|Oakdale|california
195|38.8876142001|-121.102890379|Auburn|california
196|38.6917655802|-122.013786454|Esparto|california
197|34.6149874592|-118.032487384|Palmdale|california
198|34.3246444015|-119.104937556|Santa Paula|california
199|34.2376450149|-116.86586697|Big Bear Lake|california
200|33.748607753|-116.252964096|Indio 2|california
202|35.0282938538|-120.560073167|Nipomo|california
203|35.8625734591|-119.503696884|Alpaugh|california
204|34.4264095541|-118.517555146|Santa Clarita|california
205|36.1757728137|-120.36027|Coalinga|california
206|37.5459177454|-120.754473752|Denair II|california
207|33.268457937|-116.36499506|Borrego Springs|california
208|33.6781566093|-116.272931136|La Quinta II|california
209|36.9131698078|-121.823500878|Watsonville West II|california
210|36.5409478537|-121.882107814|Carmel|california
211|37.0150322669|-121.537063546|Gilroy|california
212|38.277971797|-121.740983116|Hastings Tract East|california
213|37.9314884444|-122.302638131|El Cerrito|california
214|36.6256305479|-121.537885076|Salinas South II|california
215|34.2913428879|-118.570064854|Chatsworth|california
216|34.2561628962|-118.382935662|Arleta|california
217|34.2689899218|-118.849298071|Moorpark|california
218|33.5957419418|-116.158778432|Thermal South|california
219|34.2141742841|-118.644843253|West Hills|california
220|34.5923049162|-118.127455525|Palmdale Central|california
221|34.513712318|-115.510588778|Cadiz Valley|california
222|40.028758969|-122.155761773|Gerber South|california
224|40.6301628102|-122.309986919|Shasta College|california
225|41.577778|-122.838125|Scott Valley|california
226|38.6727066811|-121.811714768|Woodland|california
227|38.508312528|-120.800060102|Plymouth|california
228|38.6361620891|-120.792991136|Diamond Springs|california
229|36.5701078483|-121.786535318|Laguna Seca|california
230|34.4055085131|-119.714996076|Santa Barbara II|california
231|34.6722564255|-120.513252289|Lompoc|california
232|34.9134955984|-120.464797005|Santa Maria II|california
233|34.1381459173|-116.213556264|Joshua Tree|california
234|34.8834033251|-116.809854574|Newberry Springs II|california
235|38.797944|-121.61136|Verona|california
236|41.8025774113|-121.996067434|Macdoel II|california
237|33.5500098115|-117.039990843|Temecula East III|california
238|33.8998783984|-117.171425814|Moreno Valley|california
239|33.6648101454|-116.955092222|Hemet|california
240|33.7605568018|-117.198864581|Perris - Menifee|california
241|33.4623526789|-117.586222187|San Clemente|california
242|38.1923743823|-121.510331637|Staten Island|california
243|38.2496107001|-121.555483525|Ryde|california
244|39.386632|-121.835278|Biggs|california
245|33.6218347457|-117.585113181|Coto de Caza|california
246|38.7733835045|-119.791914303|Markleeville|california
247|38.033386|-121.701247|Jersey Island|california
248|37.9321793009|-121.397538726|Holt|california
249|37.7555587341|-121.265954171|Ripon|california
250|39.210667|-122.168889|Williams|california
251|34.1120831548|-117.185626747|Highland|california
252|36.456728|-121.344388|Soledad II|california
d18426ff-2205-e311-90b0-0017a477041a|34.2440045409|-113.558414749|Alamo Lake|arizona
862b215c-acad-e611-90f0-0017a477041a|34.6118501471|-112.463484122|Prescott Pioneer Park|arizona
efa0f37e-720b-e311-b2ee-0017a477041e|32.3821670745|-112.858204019|Ajo|arizona
1a575e3b-730b-e311-b2ee-0017a477041e|35.1536996944|-114.566894563|Bullhead City|arizona
74d93762-730b-e311-b2ee-0017a477041e|31.3492106897|-109.539748088|Douglas Red Cross|arizona
b225b57f-740b-e311-b2ee-0017a477041e|35.2064853225|-111.653152509|Flagstaff Middle School|arizona
316a1fc5-740b-e311-b2ee-0017a477041e|33.419017|-110.82967|Miami Golf Course|arizona
150576e0-740b-e311-b2ee-0017a477041e|33.3854007106|-110.867410945|Miami Jones Ranch|arizona
f6347351-750b-e311-b2ee-0017a477041e|33.3993481772|-110.859484298|Miami Ridgeline|arizona
a4fe2286-750b-e311-b2ee-0017a477041e|33.3974162799|-110.874541374|Miami Town Site|arizona
066985ae-750b-e311-b2ee-0017a477041e|31.3373547432|-110.93718238|Nogales Post Office|arizona
d138ace3-750b-e311-b2ee-0017a477041e|31.3657465612|-109.730784776|Paul Spur Chemical Lime Plant|arizona
b1a19184-760b-e311-b2ee-0017a477041e|34.2297663754|-111.329447157|Payson Well Site|arizona
f163a50b-780b-e311-b2ee-0017a477041e|33.2938878852|-111.285730041|Queen Valley|arizona
8b72b931-780b-e311-b2ee-0017a477041e|32.4143059597|-111.154634122|Rillito|arizona
79ff8672-780b-e311-b2ee-0017a477041e|33.6547239638|-111.107457578|Tonto National Monument|arizona
7850910b-b4d1-e111-a071-00215a224a95|33.5037202775|-112.095817068|Phoenix JLG Supersite|arizona
2121d39e-710d-4165-bc0c-681c5555ced4|33.0063112606|-110.786480427|Hayden|arizona
a8dffc5e-6846-4608-afad-a8d476cfac92|32.6903348853|-114.614533877|Yuma Supersite|arizona
1|29.7680138844|-95.220607234|Houston East C1/G316|texas
2|30.0364437721|-94.0710580966|Beaumont-Downtown C2/A112/C2002|texas
3|30.3544053569|-97.760230366|Austin Northwest C3/A322|texas
4|27.7653365773|-97.4342381177|Corpus Christi West C4|texas
8|29.9010505061|-95.326162334|Houston Aldine C8/AF108/X150|texas
9|30.0852834783|-93.7613210728|West Orange C9/A141|texas
11|29.0108190071|-95.3976964355|Clute C11/A111|texas
12|31.7682626673|-106.501298303|El Paso UTEP C12/A125/X151|texas
13|32.8058193521|-97.356526194|Ft. Worth Northwest C13/AH302|texas
15|29.8026888354|-95.1255248407|Channelview C15/AH115|texas
17|32.9225313876|-97.2820817415|Keller C17|texas
19|32.3787108415|-94.7118344823|Longview C19/A127/C644|texas
21|27.8324077931|-97.5554386298|Corpus Christi Tuloso C21|texas
23|29.51509|-98.620166|San Antonio Northwest C23|texas
26|30.0395532564|-95.6739808407|Northwest Harris Co. C26/A110/X154|texas
28|29.8974880869|-93.991096717|Port Arthur West C28/A128/A228|texas
31|33.1323982036|-96.7864388272|Frisco  C31/C680|texas
35|29.6699988979|-95.1285264755|Hou.DeerPrk2 C35/235/1001/AFH139FP239|texas
36|31.7038312428|-106.355993311|El Paso Lower Valley Sounder C36|texas
37|31.7467231434|-106.402780866|Ascarate Park SE C37/A332/A172/X159|texas
38|30.4831648639|-97.8723405543|Audubon C38|texas
41|31.7656619875|-106.455252234|Chamizal C41/AH126|texas
43|26.2261827518|-98.2910589864|Mission C43/AP143|texas
44|27.5174440596|-99.5152698196|Laredo Vidaurri C44/AFGP144/P244|texas
45|29.5830233524|-95.0155462034|Seabrook Friendship Park C45|texas
47|31.8365853339|-102.341989235|Odessa Hays C47/A160|texas
49|31.6675307877|-106.287993763|Socorro Hueco C49/F312|texas
52|32.48206495|-97.0269349992|Midlothian OFW C52/A137|texas
53|29.6957620193|-95.4991964694|Houston Bayland Park C53/A146|texas
56|33.2190878487|-97.1962385389|Denton Airport South C56/A163/X157|texas
58|29.632026648|-98.5649376517|Camp Bullis C58|texas
59|29.2753331595|-98.3117144306|Calaveras Lake C59|texas
60|32.820030295|-96.8601327721|Dallas Hinton St. C401/C60/AH161|texas
61|32.6563995533|-97.0885936619|Arlington Municipal Airport C61|texas
63|32.9192034986|-96.8084649559|Dallas North No.2 C63/C679|texas
64|29.863959571|-94.3178354958|Hamshire C64/C654|texas
66|27.5018288308|-99.5030281094|Laredo Bridge C66/AF173|texas
69|32.936520899|-96.4591632355|Rockwall Heath C69|texas
70|32.9842606499|-97.063667277|Grapevine Fairway C70/A301/X182|texas
71|32.5649420273|-96.3176510008|Kaufman C71/A304/X071|texas
72|31.8939037355|-106.425795708|Skyline Park C72|texas
73|32.4423360904|-97.8035065694|Granbury C73/C681|texas
75|32.9879296465|-97.4771703932|Eagle Mountain Lake C75|texas
76|32.8687401091|-97.9059320517|Parker County C76|texas
77|32.3535648932|-97.4367368932|Cleburne Airport C77/C682|texas
78|30.3503092611|-95.4251021402|Conroe Relocated C78/A321|texas
79|35.3827734923|-101.560828131|Pantex 7 C79|texas
80|25.8925007093|-97.4938695543|Brownsville C80/AGP180|texas
82|32.3439878075|-95.4157752823|Tyler Airport Relocated C82|texas
83|27.8028500552|-97.4198895653|Corpus Christi Palm C83|texas
84|29.5204355756|-95.3925426958|Manvel Croix Park C84|texas
85|32.6690136421|-94.1674656619|Karnack C85/AFHP303|texas
87|28.8362047877|-97.005542317|Victoria C87|texas
88|33.2217105288|-97.5843461159|Decatur Thompson C88|texas
96|29.5462328108|-94.7869861238|Smith Point Hawkins Camp C96/C638|texas
98|27.8044987569|-97.4315866068|Corpus Christi Huisache C98/A155|texas
104|35.3359563835|-101.587042946|Pantex 4 A104|texas
105|35.3529498942|-101.580633565|Pantex 5 A105/A205|texas
114|29.7647877|-95.1785379|HRM-3 Haden Road C603/A114|texas
119|29.9611458885|-93.8959117279|Groves A119|texas
123|31.7759485845|-106.413178152|El Paso Womble A123|texas
131|29.8938545258|-93.9792467796|City Service Center/PA A131/C2000|texas
136|29.9825018268|-93.9528794687|Port Neches Avenue L A136|texas
140|29.4451160608|-98.4066336799|San Antonio Seale A140|texas
145|29.61501277|-95.0181123728|Shore Acres A145|texas
148|29.770671424|-95.0312403619|Baytown A148|texas
167|29.7342462165|-95.2384452177|Galena Park A167|texas
168|27.8075355428|-97.4192567483|Corpus Hillcrest A170/A168|texas
169|29.7062818159|-95.2611488755|Houston Milby Park A169|texas
171|30.2632046567|-97.7129231543|Austin Webberville Road AF171|texas
199|27.811821582|-97.4656323791|Dona Park C635/AF199/F299|texas
243|29.6720315394|-95.0646637008|La Porte Airport C243|texas
301|29.5877408|-98.3125118|Selma C301|texas
303|29.9228877909|-93.9089858559|Port Arthur Memorial School C303/C689|texas
304|29.733768689|-95.2575943517|Clinton C403/C304/AH113|texas
310|32.7591474105|-97.3423161762|Haws Athletic Center C310|texas
311|30.1945283895|-93.8672339966|SETRPC Mauriceville 42 C642/C311/C665|texas
312|32.7742537805|-96.7976808932|Convention Center C312|texas
313|27.5995804394|-99.5334268773|World Trade Bridge C313|texas
314|27.4269613019|-97.2986871932|National Seashore C314|texas
316|29.3025518|-103.1779076|BRAVO Big Bend C67/C316/C656/C691|texas
319|28.704624566|-100.451188044|Eagle Pass C319/C655|texas
320|35.2016014052|-101.909280858|Amarillo Texas A&M C320|texas
323|26.0696074295|-97.162212117|Isla Blanca Park C323/C667|texas
326|30.2582778415|-97.7202105778|Zavala C326|texas
402|32.6765391019|-96.8720408245|Dallas Executive Airport C402|texas
404|29.8074765076|-95.2936047762|Houston Kirkpatrick C404|texas
405|29.8280859|-95.2840958|Houston North Wayside C405|texas
406|29.6256212841|-95.2670592793|Houston Monroe C406|texas
408|29.8341941452|-95.4891632449|Lang C408|texas
409|29.6239172903|-95.4743021833|Houston Croquet C409|texas
410|29.7233623493|-95.6359894622|Houston Westhollow C410|texas
414|31.7857516764|-106.323623161|Ivanhoe C414|texas
416|29.6863400665|-95.2947307619|Park Place C416|texas
501|29.2763743928|-98.724323837|Elm Creek Elementary C501|texas
502|29.7301532583|-98.6257750471|Fair Oaks Ranch C502|texas
503|29.7610419279|-98.4623947806|Bulverde Elementary C503|texas
504|29.7040601525|-98.0286097714|New Braunfels Airport C504|texas
505|29.6388316195|-98.2986586645|City of Garden Ridge C505|texas
506|29.5886654234|-97.932234517|Seguin Outdoor Learning Center C506|texas
551|29.858599159|-95.1601263446|Sheldon C551|texas
552|29.7330664691|-94.9850025802|Baytown Wetlands Center C552|texas
553|29.9210025389|-95.0679953417|Crosby Library C553|texas
554|29.8333943755|-95.6572748482|West Houston C554|texas
556|29.6551951311|-95.0095031529|La Porte Sylvan Beach C556|texas
557|30.0376145795|-95.380734339|Mercer Arboretum C557|texas
558|29.5898471289|-95.3532919171|Tom Bass C558|texas
559|29.8107608661|-95.8058457401|Katy Park C559|texas
560|29.9620275001|-95.2350400543|Atascocita C560|texas
561|30.0116453225|-95.5227077818|Meyer Park C561|texas
562|29.7784449007|-95.538163646|Bunker Hill Village C562|texas
563|30.0579553365|-95.0624187867|Huffman Wolf Road C563|texas
570|29.5488333663|-95.1855769557|Clear Brook High School C570|texas
571|29.5257705617|-95.070556|Clear Creek High School C571|texas
572|29.5836312553|-95.1060238886|Clear Lake High School C572|texas
601|29.9624745|-96.7458748|Fayette County C601|texas
609|28.8997032823|-96.7850599049|Inez C609|texas
614|30.2146335064|-98.0832997355|Dripping Springs School C614|texas
615|29.38145|-94.9409147759|Texas City BP 31st St. C615/C1615|texas
616|29.3687618253|-94.9154425034|Texas City BP Onsite C616/C1616|texas
617|29.8205028628|-94.9905457401|Wallisville Road C617|texas
618|29.1443237968|-95.7566185238|Danciger C618|texas
620|29.4057763304|-94.9469748031|Texas City 34th St. C620|texas
621|29.3810006326|-94.9302675645|Texas City BP Logan St. C621/C1621|texas
622|29.352905791|-98.3328532441|Heritage Middle School C622|texas
623|29.3320207857|-98.3257181438|Gardner Rd. Gas Sub-Station C623|texas
624|28.7208919712|-97.2209871426|Coleto C624|texas
625|29.2923237234|-98.3378466434|Gate 9A CPS C625|texas
626|29.3157783791|-98.3229648987|Gate 58 CPS C626|texas
633|27.828989591|-97.5436023381|Solar Estates C633|texas
640|29.7279487914|-93.8940717381|SETRPC 40 Sabine Pass C640/C1654|texas
643|29.9427508577|-94.0006747123|SETRPC 43 Jefferson Co Airport C643|texas
660|27.7030548918|-97.3877503395|Holly Road C660|texas
664|27.7580449452|-97.61951034|Violet C664|texas
669|29.6947426591|-95.25284434|Texas Petrochemicals FTIR South C669|texas
670|29.702020107|-95.2572520407|Texas Petrochemicals FTIR North C670|texas
671|29.706121872|-95.2550888705|Goodyear Houston Site C671|texas
673|29.7023347916|-95.2567082653|Goodyear Houston Site 2 C673|texas
676|29.3327941649|-98.5513857034|Palo Alto C676|texas
677|29.4239144635|-98.5804878347|Old Highway 90 C677/A319|texas
678|29.4073184892|-98.431238483|CPS Pecan Valley C678|texas
684|30.1409365353|-97.4589346509|CAPCOG McKinney Roughs C684|texas
685|27.9016172214|-97.2493484961|Ingleside C685|texas
690|30.6664657863|-97.734591517|CAPCOG Lake Georgetown C690|texas
693|31.8133561725|-106.464560054|Van Buren Dam C693|texas
695|29.7176521795|-95.341697904|UH Moody Tower C695|texas
696|29.5744570681|-95.6502732775|U of H-Sugarland C696|texas
697|29.3882631778|-95.042467698|UH Coastal Center C697|texas
698|30.2361383595|-95.4831324083|UH WG Jones Forest C698|texas
699|30.0575719764|-94.9784129244|UH West Liberty C699|texas
1006|33.1530965835|-96.1155354008|Greenville C1006/A198|texas
1007|33.0459405912|-97.1299746627|Flower Mound Shiloh C1007|texas
1008|32.4696809355|-97.1692772585|Johnson County Luisa C1008/Z402|texas
1009|32.6211075353|-97.2902916668|Everman Johnson Park C1009|texas
1010|33.1446618|-96.8288087|Frisco Eubanks C1010|texas
1012|28.9643708626|-95.3549351426|Freeport South Avenue I C1012|texas
1013|33.1309184698|-97.2976399864|Dish Airfield C1013|texas
1014|31.870267219|-102.334777579|Odessa Gonzales C1014|texas
1015|29.7616223753|-95.081411134|Lynchburg Ferry C1015/A165|texas
1016|29.0437252768|-95.4729411932|Lake Jackson C1016|texas
1017|29.8233461482|-94.9838410747|Baytown Garth C1017|texas
1018|32.7260815158|-97.1085532988|Arlington UT Campus C1018|texas
1019|29.942817081|-94.0007937823|Jefferson Co Airpt C1019/A317|texas
1020|29.6843940104|-95.2536282407|Cesar Chavez C1020/175|texas
1021|31.86247|-106.5473|Ojo De Agua C1021|texas
1022|29.3852512505|-94.9315046796|Texas City Ball Park A147/C1022|texas
1023|26.200298761|-97.7126987204|Harlingen Teege C1023|texas
1024|27.8038177791|-97.4137901373|Williams Park C1024/E308|texas
1025|35.2367441788|-101.787357435|Amarillo 24th Avenue C1025|texas
1028|33.5855185299|-101.786997524|Lubbock 12th Street C1028|texas
1029|29.7187935647|-95.2599118034|Manchester C1029/A307/E307|texas
1031|33.436111|-94.07778|Texarkana New Boston C1031|texas
1032|33.4106172994|-96.9445903|Pilot Point C1032|texas
1034|29.2544987172|-94.8612848449|Galveston 99th St. C1034/A320/X183|texas
1035|29.9789461004|-94.0108817136|Nederland High School C1035|texas
1036|29.776109778|-95.1051275373|Jacinto Port C1036/A318|texas
1037|31.6530487281|-97.0706706627|Waco Mazanec C1037|texas
1038|29.1306706265|-98.1480762721|Floresville Hospital Blvd C1038|texas
1044|32.1753901134|-96.8701503974|Italy C1044/A323|texas
1045|31.1224615614|-97.4310523|Temple Georgia C1045|texas
1046|26.2884850866|-98.1520484762|Edinburg East Freddy Gonzalez Dr C1046|texas
1047|31.0880214946|-97.6797493204|Killeen Skylark Field C1047|texas
1049|29.7166327417|-95.2224180838|Pasadena North C1049/A330|texas
1051|32.0319313777|-96.3991182694|Corsicana Airport C1051|texas
1052|29.8143823009|-95.387785129|Houston North Loop C1052|texas
1053|32.6647630956|-97.3379220684|Ft Worth California Parkway North C1053|texas
1054|29.8852811176|-95.3523779932|Houston Hartwick C1054|texas
1062|32.6588025882|-97.2000476877|Kennedale Treepoint Dr C1062|texas
1063|32.5418432624|-97.1174937415|Mansfield Flying L Lane C1063|texas
1064|33.044028|-97.486618|Rhome Seven Hills Road C1064|texas
1065|32.6725193933|-97.2911402491|Fort Worth Joe B Rushing Road C1065|texas
1066|29.7216391331|-95.4926825441|Houston Southwest Freeway C1066|texas
1067|32.9211705437|-96.7535149525|Dallas LBJ Freeway C1067|texas
1068|30.3538351573|-97.6915423404|Austin North Interstate 35 C1068|texas
1069|29.5294457424|-98.3914363128|San Antonio IH 35 C1069|texas
1070|28.8855040154|-97.9018271154|Karnes County Courthouse C1070|texas
1071|29.8489039221|-93.9622290475|Port Arthur 7th Street C1071|texas
1072|32.2803912319|-101.407282081|Big Spring Midway C1072|texas
1073|35.6755126496|-101.440004871|Borger FM 1559 C1073|texas
1075|30.5694547773|-97.0762399248|Rockdale John D. Harper Rd. C1075|texas
1076|31.168889|-96.481944|Franklin Oak Grove C1076|texas
1077|35.3163937796|-101.741850068|Amarillo Xcel El Rancho C1077|texas
1078|33.0751139929|-94.8473223948|Cookville FM 4855 C1078|texas
1079|32.470151423|-94.4811933341|Hallsville Red Oak Road C1079|texas
1080|29.352886998|-98.3327827076|San Antonio Gardner Road C1080|texas
1081|31.9041|-96.352|Richland Southeast 1220 Road C1081|texas
1083|30.1537334452|-93.7260146596|Orange 1st Street C1083|texas
1500|32.6299656719|-96.8005339117|Lancaster Cedardale C1500|texas
1501|32.4818262794|-97.5267790272|Godley FM2331 C1501|texas
1502|32.8186594289|-98.0916898162|Mineral Wells 23rd St. C1502|texas
1503|32.6466846514|-97.4426442313|Fort Worth Benbrook Lake C1503|texas
1504|33.6331845903|-97.1538650815|Gainsville Doss Street C1504|texas
1505|32.879128024|-96.913469388|Dallas Elm Fork C1505|texas
1506|32.7586034214|-97.7302236668|Weatherford Highway 180 C1506|texas
1507|33.5591237605|-97.8297230883|Bowie Patterson Street C1507|texas
1508|33.8491792549|-98.5059282725|Wichita Falls MWSU C1508|texas
1509|32.4509803689|-99.7297902381|Abilene North 3rd Street C1509|texas
1602|29.1344160142|-97.2761794636|Cuero C1602|texas
1603|30.2163104695|-97.8938090883|Gorzycki Middle School C1603|texas
1604|29.8649311112|-97.6649172245|Lockhart C1604|texas
1605|30.2287955589|-97.7544575849|St. Edwards University C1605|texas
1606|29.5457214864|-94.7812933744|UH Smith Point C1606|texas
1607|29.0098225836|-95.3135783327|Oyster Creek C1607|texas
1628|29.8677234367|-93.9511730136|SETRPC Port Arthur C628|texas
1675|29.8622625464|-97.9288622585|CAPCOG San Marcos Staples Road C1675|texas
5002|30.3138617896|-97.7619321367|Camp Mabry KATT C5001/C5002|texas
5003|30.1954267346|-97.6692614985|Austin Bergstrom KAUS C5003|texas
5004|29.7088828923|-98.0458435673|New Braunfels Airport KBAZ C5004|texas
5005|29.2704057504|-94.8643535029|Galveston Airport KGLS C5005|texas
5006|30.3566335174|-95.4143308492|Conroe Airport KCXO C5006|texas
5007|32.6640597062|-97.0960320199|Arlington Airport KGKY C5007|texas
5008|33.2061256622|-97.1991656252|Denton Airport KDTO C5008|texas
5009|30.73919659|-98.239612458|Burnet County Airport KBMQ C5009|texas
5010|31.612275886|-97.2374077923|Waco KACT C5010|texas
5011|30.5799786393|-96.3502849796|College Station KCLL C5011|texas
5012|30.7537871266|-95.5866387089|Huntsville KUTS C5012|texas
5013|31.2337552157|-94.7518199682|Lufkin KLFK C5013|texas
5014|32.028056|-96.400556|Corsicana KCRS C5014|texas
5015|32.410634506|-99.6820917003|Abilene KABI C5015|texas
5016|31.3509861707|-100.496731965|San Angelo KSJT C5016|texas
5017|29.3757885307|-100.927552832|Del Rio KDRT C5017|texas
5018|31.8337908559|-104.809747631|Guadalupe Pass KGDP C5018|texas
6602|30.5457911613|-97.5420005301|CAPCOG Hutto College Street C6602|texas
DSR AR|34.6811776518|-92.3285014491|DSR AR|arkansas
El Dorado AR|33.2201638854|-92.6693528642|El Dorado AR|arkansas
Marion AR|35.1971544744|-90.1931784282|Marion AR|arkansas
PARRB AR|34.7560606878|-92.2811089593|PARRB AR|arkansas
Springdale AR|36.1797048989|-94.1166297755|Springdale AR|arkansas
Deer AR|35.832652281|-93.2080144219|Deer AR|arkansas
Eagle Mountain AR|34.4544383212|-94.1433670679|Eagle Mountain AR|arkansas
Fayetteville AR|36.0116736377|-94.1674985849|Fayetteville AR|arkansas
N Little Rock Airport|34.8356070274|-92.2604412721|N Little Rock Airport|arkansas
Dodge City|37.7753172021|-100.035439497|Dodge City|kansas
Cedar Bluff|38.7701011446|-99.7634330068|Cedar Bluff|kansas
Peck-Sumner County|37.476897|-97.366424|Peck-Sumner County|kansas
Glen & Pawnee|37.651164|-97.362065|Glen & Pawnee|kansas
Health Dept. Wichita|37.7020548938|-97.314878517|Health Dept. Wichita|kansas
K96 & Hydraulic|37.7470869897|-97.3169540543|K96 & Hydraulic|kansas
Sedgwick|37.897521|-97.492092|Sedgwick|kansas
Chanute|37.6769878509|-95.475914483|Chanute|kansas
KNI Topeka|39.0242786966|-95.7112930136|KNI Topeka|kansas
Heritage Park|38.8385688748|-94.7464730204|Heritage Park|kansas
Leavenworth|39.327388|-94.951054|Leavenworth|kansas
KC Ncore|39.11732|-94.635508|KC Ncore|kansas
alam|37.3640791238|-115.163586143|Alamo Nevada|nevada
amar|36.5690621202|-116.459001553|Amargosa Valley Nevada|nevada
beat|36.912328305|-116.754849873|Beatty Nevada|nevada
boul|35.9848855493|-114.841433961|Boulder City Nevada|nevada
cali|37.6128848659|-114.514025335|Caliente Nevada|nevada
cedu|37.6736925156|-113.067650847|Cedar City Utah|nevada
comp|38.0341745571|-115.437700195|Garden Valley Nevada|nevada
delu|39.3529839369|-112.578409654|Delta Utah|nevada
duck|38.9217280211|-115.701073549|Duckwater Nevada|nevada
ely1|39.2932858634|-114.837006985|Ely Nevada|nevada
gold|37.7105416968|-117.240347895|Goldfield Nevada|nevada
hend|36.007627581|-114.965640715|Henderson Nevada|nevada
indi|36.5742715424|-115.675693287|Indian Springs Nevada|nevada
lasv|36.1141626253|-115.149021503|Las Vegas Nevada|nevada
medl|37.402216254|-115.538055423|Medlin's Ranch Nevada|nevada
milu|38.39420493|-113.012733991|Milford Utah|nevada
mesq|36.8144895338|-114.050404221|Mesquite Nevada|nevada
nyal|38.2483450852|-115.728711774|Nyala Nevada|nevada
over|36.5460779257|-114.445571872|Overton Nevada|nevada
pahr|36.2212141093|-115.995197691|Pahrump Nevada|nevada
pioc|37.9369325936|-114.451252465|Pioche Nevada|nevada
rach|37.6433848687|-115.739162945|Rachel Nevada|nevada
sarc|37.2795778991|-117.032267107|Sarcobatus Flats Nevada|nevada
stgu|37.1032604548|-113.568342062|St. George Utah|nevada
ston|38.2069729633|-116.632675161|Stone Cabin Nevada|nevada
teco|35.8483059361|-116.227419968|TecopaShoshone California|nevada
tono|38.0603930881|-117.22047424|Tonopah Nevada|nevada
twih|38.2037659396|-116.173957743|Twin Springs Nevada|nevada
warm|38.1918388301|-116.417978319|Warm Springs Summit Nevada|nevada
ATHENS|39.4421630667|-81.9088545373|ATHENS|ohio
CANTON|40.8008234808|-81.3730227211|CANTON|ohio
CINCI_NR|39.1460308244|-84.5383887687|CINCI_NR|ohio
CLEVELAND_NR|41.4400630123|-81.4948349117|CLEVELAND_NR|ohio
G_T_CRAIG|41.4921131809|-81.6784906668|G_T_CRAIG|ohio
MENTOR|41.6670823594|-81.3391915568|MENTOR|ohio
MORSE_RD|40.0601105878|-82.9770372444|MORSE_RD|ohio
PATT_PARK|41.1064067762|-81.503572034|PATT_PARK|ohio
PREBLE_NCORE|39.8356353786|-84.7205413196|PREBLE_NCORE|ohio
SHADYSIDE|39.9677923255|-80.74793921|SHADYSIDE|ohio
SMOKY ROW|40.1110894698|-83.0654187076|SMOKY ROW|ohio
TAFT|39.12886|-84.50404|TAFT|ohio
FRANKLIN|39.965232878|-82.9552221367|FRANKLIN|ohio
ALLIANCE|40.9313450435|-81.1234889593|ALLIANCE|ohio
BATAVIA|39.0828631548|-84.1441475509|BATAVIA|ohio
BEREA_BOE|41.3614625432|-81.8644477827|BEREA_BOE|ohio
BGREEN|41.3777056632|-83.6111127619|BGREEN|ohio
BREWSTER|40.7127447929|-81.5983667958|BREWSTER|ohio
CENTERBURG|40.3100631795|-82.691724|CENTERBURG|ohio
CHIPPEWA|41.0605141999|-81.9239362992|CHIPPEWA|ohio
COLERAIN|39.214879873|-84.6908036736|COLERAIN|ohio
CONNEAUT|41.9597480545|-80.5728004898|CONNEAUT|ohio
COOLEY|41.669001|-83.28717|COOLEY|ohio
CRAWFORD_WOODS|41.377656823|-83.6111140136|CRAWFORD_WOODS|ohio
DELAWARE|40.3568423354|-83.0636455586|DELAWARE|ohio
DISTRICT|41.5552009367|-81.5751796465|DISTRICT|ohio
EASTLAKE|41.6729592521|-81.422496306|EASTLAKE|ohio
EASTWOOD|39.7856107628|-84.1343875238|EASTWOOD|ohio
ELYRIA|41.4208791842|-82.0957427687|ELYRIA|ohio
ERIE2|41.6440512924|-83.5462287211|ERIE2|ohio
HEATH|40.0262191129|-82.4331662309|HEATH|ohio
JFS|41.72681|-81.242196|JFS|ohio
KINSMAN|41.4542490719|-80.591263809|KINSMAN|ohio
LAKE_ROCKWELL|41.182466|-81.3304501974|LAKE_ROCKWELL|ohio
LEBANON|39.427167487|-84.2003919873|LEBANON|ohio
LIMA|40.7709648548|-84.0538799728|LIMA|ohio
LONDON|39.78819|-83.47606|LONDON|ohio
MAL_COLLEGE|40.8281069863|-81.3784769452|MAL_COLLEGE|ohio
MAPLE_C|40.0877|-82.959773|MAPLE_C|ohio
MARIETTA|39.4320889633|-81.4600925247|MARIETTA|ohio
MAYFIELD|41.5370484954|-81.4586271435|MAYFIELD|ohio
MIAMI_E|40.0845863914|-84.1136756474|MIAMI_E|ohio
MIDD|39.5294322765|-84.393424211|MIDD|ohio
MUD_RUN|39.8556584694|-83.9976361227|MUD_RUN|ohio
NEW_ALBNY|40.0845|-82.81552|NEW_ALBNY|ohio
NOTRE_DAME|41.5149665849|-81.2499135102|NOTRE_DAME|ohio
OAKHILL|41.0963155649|-80.6587435378|OAKHILL|ohio
ODOT|38.5080897482|-82.6592387619|ODOT|ohio
PREBLE_CNTY|39.8356296116|-84.7204718504|PREBLE_CNTY|ohio
SPRINGFIELD|40.0010108232|-83.8045499864|SPRINGFIELD|ohio
STEUBEN|40.3664361852|-80.6157899728|STEUBEN|ohio
SYCAMORE|39.2786961244|-84.3662802173|SYCAMORE|ohio
TCSE|41.2404673503|-80.6626663744|TCSE|ohio
WATERVILLE|41.4941970016|-83.7189680475|WATERVILLE|ohio
WILGUS|38.6290178227|-82.45886|WILGUS|ohio
WILMINGTON|39.4299281991|-83.7888336804|WILMINGTON|ohio
XENIA|39.6657702342|-83.9427511159|XENIA|ohio
AMANDA|39.47885|-84.40768|AMANDA|ohio
BARR|41.463022224|-82.11419466|BARR|ohio
EAST_HS|41.0634655995|-81.4688821498|EAST_HS|ohio
FAIRGRNDS|40.0027071531|-82.9944202721|FAIRGRNDS|ohio
HDSTART|41.0959625256|-80.6585183196|HDSTART|ohio
LAIRD|41.2314136325|-80.8013407225|LAIRD|ohio
SFIELD2|39.92882|-83.80949|SFIELD2|ohio
SINCLAIR|39.7559499618|-84.1987751019|SINCLAIR|ohio
WEST_UNION|38.7946787818|-83.5339950407|WEST_UNION|ohio
Y_SPRINGS|39.8083323077|-83.8870924762|Y_SPRINGS|ohio
YANKEE|39.4723693305|-84.3949499593|YANKEE|ohio
E_LPOOL|40.6315487997|-80.5471697347|E_LPOOL|ohio
HACKNEY|39.63232158|-81.6700274694|HACKNEY|ohio
HARVARD_YARDS|41.4466285204|-81.6623426464|HARVARD_YARDS|ohio
MADE|39.4647334613|-84.4036899864|MADE|ohio
ST_THEODOS|41.4769481675|-81.6823329321|ST_THEODOS|ohio
21-111-1041|38.2315992933|-85.8268100193|Louisville Police Firearms Training Center|louisville
21-111-0067|38.228844132|-85.6544210675|Cannons Lane Air Monitoring Station|louisville
21-185-0004|38.3989474326|-85.4431996698|KyDAQ Monitoring Station in Buckner - Seasonal Monitor|louisville
21-111-0027|38.1378607574|-85.5764632026|Bates Elementary School|louisville
21-111-0043|38.2331974524|-85.8156842701|Southwick Community Center|louisville
21-029-0006|37.9861734108|-85.7119630092|KyDAQ Monitoring Station in Shepherdsville - Seasonal Monitor|louisville
21-111-0075|38.1936441534|-85.7119491576|Durrett Lane Near Road Site (30m from I-264)|louisville
21-111-0051|38.0608907846|-85.8980655434|Watson Lane Elementary School, Valley Station|louisville
604|36.6972037468|-97.0812859525|Ponca City|oklahoma
217|36.9081099957|-95.8823387347|Copan|oklahoma
167|35.7931228318|-95.3022675441|Muskogee|oklahoma
188|36.2257845903|-95.2649557387|Pryor|oklahoma
170|35.7768790843|-95.286566221|Ft Gibson|oklahoma
101|35.4792353858|-97.7514929864|Yukon|oklahoma
049|35.320105|-97.484099|Moore|oklahoma
144|36.1054627968|-96.3612160272|Mannford|oklahoma
1073|35.159649|-97.473819034|Goldsby|oklahoma
033|35.47754158|-97.4940261164|OKC|oklahoma
096|35.4777724594|-97.3030590204|Choctaw|oklahoma
415|34.8855936253|-95.7844262721|McAlester|oklahoma
178|36.1337534756|-95.7645570272|Lynn Lane|oklahoma
175|36.1498153463|-96.0117090611|Tulsa|oklahoma
035|35.4728669928|-97.5268646944|OKC|oklahoma
235|36.1269783634|-95.9989334898|Tulsa|oklahoma
01|34.3154241541|-95.8894009864|McGee Creek|oklahoma
174|35.9536694969|-96.004987517|Glenpool|oklahoma
04|34.1032444009|-97.0707619253|Lake Murray|oklahoma
06|34.734270573|-98.7094268778|Wichita Mtns|oklahoma
860|36.1583958091|-98.9319417076|Seiling|oklahoma
651|34.6329079064|-98.4287824898|Lawton North|oklahoma
1037|35.614131|-97.475083|OKC|oklahoma
179|36.1548380852|-96.0158349864|Tulsa Riverside|oklahoma
1110|36.154369|-95.9379467415|Tulsa Turner Park|oklahoma
856|35.5602514887|-98.6834574559|Weatherford|oklahoma
065|34.87696|-97.70748|Bradley|oklahoma
1127|36.2049252302|-95.9766095985|Tulsa|oklahoma
097|35.5029571265|-97.577646034|OKC|oklahoma
226|36.3558640322|-96.0124124762|Skiatook|oklahoma
297|34.2441972231|-97.4629279316|Healdton|oklahoma
555|36.5083614384|-97.8568198794|Kremlin|oklahoma
671|34.2266027775|-98.035418966|Waurika|oklahoma
300|33.8808390181|-97.2759260407|Burneyville|oklahoma
380|33.9453763837|-96.405715966|Durant|oklahoma
416|34.8294165493|-95.8436369932|Savanna|oklahoma
Amanda|39.4788475037|-84.4076766968|Amanda|cincinnati
Batavia|39.0828018188|-84.1440963745|Batavia|cincinnati
Cinci Near Road|39.1460266113|-84.5383758545|Cinci Near Road|cincinnati
Colerain|39.2149391174|-84.6908569336|Colerain|cincinnati
Hamilton|39.3833732605|-84.5440826416|Hamilton|cincinnati
Lebanon|39.4268913269|-84.2007675171|Lebanon|cincinnati
Made|39.464717865|-84.4037704468|Made|cincinnati
Middletown|39.5294799805|-84.3933639526|Middletown|cincinnati
Sycamore|39.2787017822|-84.3661193848|Sycamore|cincinnati
Taft|39.1288604736|-84.5040435791|Taft|cincinnati
Yankee|39.4724349976|-84.3949508667|Yankee|cincinnati
BIBE-KB|29.3026649965|-103.177860896|Big Bend K-Bar Ranch Road|gpmn_parks
CANY-IS|38.4584882626|-109.821054939|Canyonlands Island in the Sky|gpmn_parks
CAVE-MA|32.1792|-104.4417|Carlsbad Caverns Maintenance Area|gpmn_parks
CHIR-ES|32.0094228923|-109.38907483|Chiricahua Entrance Station|gpmn_parks
CRMO-VC|43.4621263307|-113.561754396|Craters of the Moon Visitor Center|gpmn_parks
DEVA-PV|36.5089887258|-116.84790098|Death Valley Park Village|gpmn_parks
DENA-HQ|63.7246684333|-148.957813078|Denali Headquarters|gpmn_parks
DINO-WE|40.2907757983|-108.938766021|Dinosaur West Entrance Housing|gpmn_parks
GLAC-WG|48.5102651723|-113.996864215|Glacier West Glacier Horse Stables|gpmn_parks
GRCA-AS|36.0586395454|-112.183596894|Grand Canyon The Abyss|gpmn_parks
GRTE-SS|43.6708507011|-110.599487619|Grand Teton Science School|gpmn_parks
GRBA-MY|39.005154098|-114.216000272|Great Basin Maintenance Yard|gpmn_parks
GRSM-CD|35.5622523104|-83.4973032945|Great Smoky Mountains Clingmans Dome|gpmn_parks
GRSM-CM|35.6966735703|-83.6096864735|Great Smoky Mountains Cove Mountain|gpmn_parks
GRSM-LR|35.6334214772|-83.941591675|Great Smoky Mountains Look Rock|gpmn_parks
JOTR-BR|34.071679944|-116.390900407|Joshua Tree Black Rock|gpmn_parks
JOTR-CC|33.7412852723|-115.820404735|Joshua Tree Cottonwood Canyon|gpmn_parks
JOTR-PW|33.9398183821|-115.410850068|Joshua Tree Pinto Wells|gpmn_parks
LAVO-ML|40.5401268766|-121.576855618|Lassen Volcanic Manzanita Lake Fire Station|gpmn_parks
MACA-HM|37.1318231668|-86.147947503|Mammoth Cave Houchin Meadow|gpmn_parks
MEVE-RM|37.1983957155|-108.490412653|Mesa Verde Resource Management Area|gpmn_parks
MOJA-KM|35.1027970647|-115.776497225|Mojave Kelso Mountains|gpmn_parks
PEFO-SE|34.8225123306|-109.892468271|Petrified Forest South Entrance|gpmn_parks
PINN-ES|36.485|-121.1556|Pinnacles SW of East Entrance Station|gpmn_parks
ROMO-LP|40.278141869|-105.545650475|Rocky Mountain Longs Peak|gpmn_parks
SEKI-AS|36.4894322023|-118.829127402|Sequoia and Kings Canyon Ash Mountain|gpmn_parks
SHEN-BM|38.5228326194|-78.4349106753|Shenandoah Big Meadows|gpmn_parks
VOYA-SB|48.4125529528|-92.8291812733|Voyageurs Sullivan Bay|gpmn_parks
YELL-WT|44.5654406161|-110.400277062|Yellowstone Water Tank|gpmn_parks
YOSE-TD|37.7132722745|-119.706022395|Yosemite Turtleback Dome|gpmn_parks
ZION-DW|37.1983578281|-113.150730177|Zion Daltons Wash|gpmn_parks
MEEK-PS|40.0038539775|-107.847570095|Meeker Plant Science Center|gpmn_parks
RANG-GC|40.0869153222|-108.761542694|Rangely Golf Course|gpmn_parks
ACAD-MH|44.3771124864|-68.2609334277|Acadia McFarland Hill|gpmn_parks
GRSM-CC|35.6040361497|-83.7829322725|Great Smoky Mountains Cades Cove|gpmn_parks
THRO-VC|46.894814615|-103.377734912|Theodore Roosevelt Painted Canyon Visitor Cntr|gpmn_parks
WICA-VC|43.5575623447|-103.483713497|Wind Cave Visitor Center|gpmn_parks
